-- MySQL dump 10.13  Distrib 8.0.44, for Win64 (x86_64)
--
-- Host: localhost    Database: udicon
-- ------------------------------------------------------
-- Server version	8.0.44

/*!40101 SET @OLD_CHARACTER_SET_CLIENT=@@CHARACTER_SET_CLIENT */;
/*!40101 SET @OLD_CHARACTER_SET_RESULTS=@@CHARACTER_SET_RESULTS */;
/*!40101 SET @OLD_COLLATION_CONNECTION=@@COLLATION_CONNECTION */;
/*!50503 SET NAMES utf8mb4 */;
/*!40103 SET @OLD_TIME_ZONE=@@TIME_ZONE */;
/*!40103 SET TIME_ZONE='+00:00' */;
/*!40014 SET @OLD_UNIQUE_CHECKS=@@UNIQUE_CHECKS, UNIQUE_CHECKS=0 */;
/*!40014 SET @OLD_FOREIGN_KEY_CHECKS=@@FOREIGN_KEY_CHECKS, FOREIGN_KEY_CHECKS=0 */;
/*!40101 SET @OLD_SQL_MODE=@@SQL_MODE, SQL_MODE='NO_AUTO_VALUE_ON_ZERO' */;
/*!40111 SET @OLD_SQL_NOTES=@@SQL_NOTES, SQL_NOTES=0 */;

--
-- Table structure for table `activity_log`
--

DROP TABLE IF EXISTS `activity_log`;
/*!40101 SET @saved_cs_client     = @@character_set_client */;
/*!50503 SET character_set_client = utf8mb4 */;
CREATE TABLE `activity_log` (
  `logID` int NOT NULL AUTO_INCREMENT,
  `userID` int NOT NULL,
  `actionType` varchar(50) NOT NULL,
  `details` varchar(500) DEFAULT NULL,
  `logDateTime` datetime NOT NULL DEFAULT CURRENT_TIMESTAMP,
  PRIMARY KEY (`logID`),
  KEY `userID` (`userID`),
  CONSTRAINT `activity_log_ibfk_1` FOREIGN KEY (`userID`) REFERENCES `users` (`userID`)
) ENGINE=InnoDB AUTO_INCREMENT=1104 DEFAULT CHARSET=utf8mb4 COLLATE=utf8mb4_0900_ai_ci;
/*!40101 SET character_set_client = @saved_cs_client */;

--
-- Dumping data for table `activity_log`
--

LOCK TABLES `activity_log` WRITE;
/*!40000 ALTER TABLE `activity_log` DISABLE KEYS */;
INSERT INTO `activity_log` VALUES (1,10,'Login','aaa aaa (SalesStaff) logged in','2026-05-11 15:14:14'),(2,10,'Logout','aaa logged out','2026-05-11 15:14:18'),(3,1,'Login','Test Admin (Admin) logged in','2026-05-11 15:14:22'),(4,1,'Logout','Test logged out','2026-05-11 15:18:23'),(5,9,'Login','bbb bbb (InventoryStaff) logged in','2026-05-11 15:18:26'),(6,9,'Login','bbb bbb (InventoryStaff) logged in','2026-05-11 15:19:51'),(7,9,'Create Order','Created PO-9 for supplier ID: 8','2026-05-11 15:20:29'),(8,9,'Logout','bbb logged out','2026-05-11 15:20:32'),(9,1,'Login','Test Admin (Admin) logged in','2026-05-11 15:20:37'),(10,1,'Login','Test Admin (Admin) logged in','2026-05-11 15:52:57'),(11,1,'Create User','Created user: sales (SalesStaff)','2026-05-11 15:56:24'),(12,1,'Delete User','Deleted user ID: 12','2026-05-11 15:56:27'),(13,1,'Login','Test Admin (Admin) logged in','2026-05-11 15:57:28'),(14,1,'Logout','Test logged out','2026-05-11 15:57:52'),(15,10,'Login','aaa aaa (SalesStaff) logged in','2026-05-11 15:57:57'),(16,1,'Sale','Transaction UT-20260511-155807 - Amount: ₱100.00 - Cash','2026-05-11 15:58:07'),(17,10,'Logout','aaa logged out','2026-05-11 15:58:14'),(18,9,'Login','bbb bbb (InventoryStaff) logged in','2026-05-11 15:58:16'),(19,9,'Logout','bbb logged out','2026-05-11 15:58:30'),(20,1,'Login','Test Admin (Admin) logged in','2026-05-11 16:14:08'),(21,1,'Logout','Test logged out','2026-05-11 16:14:52'),(22,10,'Login','aaa aaa (SalesStaff) logged in','2026-05-11 16:14:54'),(23,10,'Logout','aaa logged out','2026-05-11 16:15:10'),(24,1,'Login','Test Admin (Admin) logged in','2026-05-11 21:56:25'),(25,1,'Logout','Test logged out','2026-05-11 21:56:39'),(26,10,'Login','aaa aaa (SalesStaff) logged in','2026-05-11 21:56:42'),(27,10,'Logout','aaa logged out','2026-05-11 21:57:10'),(28,9,'Login','bbb bbb (InventoryStaff) logged in','2026-05-11 21:57:13'),(29,9,'Logout','bbb logged out','2026-05-11 21:57:44'),(30,1,'Login','Test Admin (Admin) logged in','2026-05-11 21:57:47'),(31,10,'Login','aaa aaa (SalesStaff) logged in','2026-05-12 08:06:38'),(32,1,'Login','Test Admin (Admin) logged in','2026-05-12 08:19:05'),(33,1,'Logout','Test logged out','2026-05-12 08:19:31'),(34,10,'Login','aaa aaa (SalesStaff) logged in','2026-05-12 08:19:34'),(35,10,'Login','aaa aaa (SalesStaff) logged in','2026-05-12 08:20:07'),(36,1,'Sale','Transaction UT-20260512-083234 - Amount: ₱100.00 - Cash','2026-05-12 08:32:34'),(37,10,'Logout','aaa logged out','2026-05-12 08:33:07'),(38,1,'Login','Test Admin (Admin) logged in','2026-05-12 08:33:09'),(39,1,'Logout','Test logged out','2026-05-12 08:39:13'),(40,10,'Login','aaa aaa (SalesStaff) logged in','2026-05-12 08:39:16'),(41,1,'Sale','Transaction UT-20260512-084124 - Amount: ₱600.00 - GCash','2026-05-12 08:41:24'),(42,10,'Logout','aaa logged out','2026-05-12 08:42:31'),(43,1,'Login','Test Admin (Admin) logged in','2026-05-12 08:42:37'),(44,1,'Login','Test Admin (Admin) logged in','2026-05-12 08:47:25'),(45,10,'Login','aaa aaa (SalesStaff) logged in','2026-05-12 20:27:19'),(46,10,'Login','aaa aaa (SalesStaff) logged in','2026-05-12 20:29:58'),(47,1,'Sale','Transaction UT-20260512-203218 - Amount: ₱100.00 - Cash','2026-05-12 20:32:18'),(48,1,'Sale','Transaction UT-20260512-203243 - Amount: ₱200.00 - GCash','2026-05-12 20:32:43'),(49,1,'Sale','Transaction UT-20260512-203539 - Amount: ₱300.00 - Cash','2026-05-12 20:35:39'),(50,1,'Sale','Transaction UT-20260512-203904 - Amount: ₱366.00 - Cash','2026-05-12 20:39:04'),(51,10,'Login','aaa aaa (SalesStaff) logged in','2026-05-12 20:39:15'),(52,1,'Sale','Transaction UT-20260512-203927 - Amount: ₱300.00 - Cash','2026-05-12 20:39:27'),(53,1,'Sale','Transaction UT-20260512-203945 - Amount: ₱300.00 - Cash','2026-05-12 20:39:45'),(54,10,'Logout','aaa logged out','2026-05-12 20:39:50'),(55,10,'Login','aaa aaa (SalesStaff) logged in','2026-05-12 20:39:52'),(56,10,'Logout','aaa logged out','2026-05-12 20:39:57'),(57,1,'Login','Test Admin (Admin) logged in','2026-05-12 20:40:00'),(58,1,'Logout','Test logged out','2026-05-12 20:40:21'),(59,10,'Login','aaa aaa (SalesStaff) logged in','2026-05-12 20:42:25'),(60,1,'Sale','Transaction UT-20260512-204241 - Amount: ₱200.00 - Cash','2026-05-12 20:42:41'),(61,10,'Login','aaa aaa (SalesStaff) logged in','2026-05-12 20:43:44'),(62,1,'Sale','Transaction UT-20260512-204353 - Amount: ₱100.00 - Cash','2026-05-12 20:43:53'),(63,1,'Sale','Transaction UT-20260512-205422 - Amount: ₱100.00 - Cash','2026-05-12 20:54:22'),(64,1,'Sale','Transaction UT-20260512-205453 - Amount: ₱676.00 - Cash','2026-05-12 20:54:53'),(65,10,'Login','aaa aaa (SalesStaff) logged in','2026-05-12 20:56:10'),(66,1,'Sale','Transaction UT-20260512-205624 - Amount: ₱354.00 - Cash','2026-05-12 20:56:24'),(67,10,'Login','aaa aaa (SalesStaff) logged in','2026-05-12 20:56:59'),(68,1,'Sale','Transaction UT-20260512-205712 - Amount: ₱376.00 - Cash','2026-05-12 20:57:12'),(69,10,'Login','aaa aaa (SalesStaff) logged in','2026-05-12 20:58:50'),(70,10,'Login','aaa aaa (SalesStaff) logged in','2026-05-12 20:59:07'),(71,1,'Sale','Transaction UT-20260512-210303 - Amount: ₱400.00 - Cash','2026-05-12 21:03:03'),(72,1,'Sale','Transaction UT-20260512-210555 - Amount: ₱132.00 - Cash','2026-05-12 21:05:55'),(73,10,'Login','aaa aaa (SalesStaff) logged in','2026-05-12 21:06:48'),(74,1,'Sale','Transaction UT-20260512-210658 - Amount: ₱122.00 - Cash','2026-05-12 21:06:58'),(75,1,'Sale','Transaction UT-20260512-210900 - Amount: ₱122.00 - Cash','2026-05-12 21:09:00'),(76,1,'Sale','Transaction UT-20260512-211613 - Amount: ₱122.00 - Cash','2026-05-12 21:16:13'),(77,1,'Sale','Transaction UT-20260512-211728 - Amount: ₱122.00 - Cash','2026-05-12 21:17:28'),(78,10,'Login','aaa aaa (SalesStaff) logged in','2026-05-12 21:21:20'),(79,1,'Sale','Transaction UT-20260512-212244 - Amount: ₱122.00 - Cash','2026-05-12 21:22:44'),(80,10,'Login','aaa aaa (SalesStaff) logged in','2026-05-12 21:32:27'),(81,1,'Sale','Transaction UT-20260512-213241 - Amount: ₱122.00 - Cash','2026-05-12 21:32:41'),(82,1,'Sale','Transaction UT-20260512-213317 - Amount: ₱122.00 - GCash','2026-05-12 21:33:17'),(83,1,'Sale','Transaction UT-20260512-213459 - Amount: ₱132.00 - Cash','2026-05-12 21:34:59'),(84,1,'Sale','Transaction UT-20260512-213643 - Amount: ₱122.00 - GCash','2026-05-12 21:36:43'),(85,1,'Sale','Transaction UT-20260512-213915 - Amount: ₱132.00 - Cash','2026-05-12 21:39:15'),(86,1,'Sale','Transaction UT-20260512-214058 - Amount: ₱132.00 - Cash','2026-05-12 21:40:58'),(87,10,'Login','aaa aaa (SalesStaff) logged in','2026-05-12 21:47:22'),(88,10,'Logout','aaa logged out','2026-05-12 21:47:25'),(89,1,'Login','Test Admin (Admin) logged in','2026-05-12 21:47:29'),(90,1,'Logout','Test logged out','2026-05-12 21:47:32'),(91,9,'Login','bbb bbb (InventoryStaff) logged in','2026-05-12 21:47:35'),(92,9,'Create Order','Created PO-10 for supplier ID: 6','2026-05-12 21:47:54'),(93,9,'Logout','bbb logged out','2026-05-12 21:48:05'),(94,10,'Login','aaa aaa (SalesStaff) logged in','2026-05-12 21:48:08'),(95,1,'Sale','Transaction UT-20260512-214838 - Amount: ₱300.00 - GCash','2026-05-12 21:48:38'),(96,10,'Login','aaa aaa (SalesStaff) logged in','2026-05-12 21:51:20'),(97,1,'Login','Test Admin (Admin) logged in','2026-05-12 22:10:28'),(98,1,'Logout','Test logged out','2026-05-12 22:10:32'),(99,10,'Login','aaa aaa (SalesStaff) logged in','2026-05-12 22:10:35'),(100,10,'Logout','aaa logged out','2026-05-12 22:10:48'),(101,1,'Login','Test Admin (Admin) logged in','2026-05-12 22:10:52'),(102,1,'Logout','Test logged out','2026-05-12 22:11:17'),(103,10,'Login','aaa aaa (SalesStaff) logged in','2026-05-12 22:11:23'),(104,10,'Login','aaa aaa (SalesStaff) logged in','2026-05-12 22:12:33'),(105,1,'Login','Test Admin (Admin) logged in','2026-05-12 22:56:08'),(106,1,'Logout','Test logged out','2026-05-12 22:56:35'),(107,10,'Login','aaa aaa (SalesStaff) logged in','2026-05-12 22:57:01'),(108,10,'Logout','aaa logged out','2026-05-12 22:58:19'),(109,9,'Login','bbb bbb (InventoryStaff) logged in','2026-05-12 22:58:24'),(110,1,'Login','Test Admin (Admin) logged in','2026-05-13 01:31:56'),(111,10,'Login','aaa aaa (SalesStaff) logged in','2026-05-13 01:35:07'),(112,10,'Login','aaa aaa (SalesStaff) logged in','2026-05-13 01:42:50'),(113,1,'Sale','Transaction UT-20260512-015304 - Amount: ₱540.00 - Cash','2026-05-13 01:53:04'),(114,1,'Sale','Transaction UT-20260512-015941 - Amount: ₱360.00 - Cash','2026-05-13 01:59:41'),(115,10,'Logout','aaa logged out','2026-05-13 02:02:32'),(116,1,'Login','Test Admin (Admin) logged in','2026-05-13 02:02:35'),(117,1,'Logout','Test logged out','2026-05-13 02:02:52'),(118,10,'Login','aaa aaa (SalesStaff) logged in','2026-05-13 02:02:57'),(119,10,'Login','aaa aaa (SalesStaff) logged in','2026-05-13 02:27:38'),(120,10,'Login','aaa aaa (SalesStaff) logged in','2026-05-13 02:38:30'),(121,10,'Login','aaa aaa (SalesStaff) logged in','2026-05-13 02:44:17'),(122,1,'Sale','Transaction UT-20260512-024444 - Amount: ₱122.00 - Cash','2026-05-13 02:44:44'),(123,10,'Login','aaa aaa (SalesStaff) logged in','2026-05-13 03:00:06'),(124,1,'Sale','Transaction UT-20260512-031514 - Amount: ₱180.00 - Cash','2026-05-13 03:15:14'),(125,1,'Login','Test Admin (Admin) logged in','2026-05-13 03:20:10'),(126,1,'Logout','Test logged out','2026-05-13 03:20:52'),(127,10,'Login','aaa aaa (SalesStaff) logged in','2026-05-13 03:20:54'),(128,1,'Login','Test Admin (Admin) logged in','2026-05-13 20:46:11'),(129,1,'Logout','Test logged out','2026-05-13 20:47:32'),(130,9,'Login','bbb bbb (InventoryStaff) logged in','2026-05-13 20:47:33'),(131,9,'Logout','bbb logged out','2026-05-13 20:48:08'),(132,1,'Login','Test Admin (Admin) logged in','2026-05-13 20:48:11'),(133,1,'Logout','Test logged out','2026-05-13 20:48:17'),(134,1,'Login','Test Admin (Admin) logged in','2026-05-13 20:48:20'),(135,1,'Login','Test Admin (Admin) logged in','2026-05-13 20:52:49'),(136,1,'Logout','Test logged out','2026-05-13 20:53:05'),(137,10,'Login','aaa aaa (SalesStaff) logged in','2026-05-13 20:53:07'),(138,10,'Logout','aaa logged out','2026-05-13 20:54:23'),(139,1,'Login','Test Admin (Admin) logged in','2026-05-13 20:57:15'),(140,1,'Logout','Test logged out','2026-05-13 20:57:38'),(141,9,'Login','bbb bbb (InventoryStaff) logged in','2026-05-13 20:57:43'),(142,9,'Logout','bbb logged out','2026-05-13 20:58:29'),(143,10,'Login','aaa aaa (SalesStaff) logged in','2026-05-13 20:58:31'),(144,10,'Sale','Transaction UT-20260513-205847 - Amount: ₱400.00 - Cash','2026-05-13 20:58:47'),(145,10,'Logout','aaa logged out','2026-05-13 20:58:53'),(146,1,'Login','Test Admin (Admin) logged in','2026-05-13 20:58:57'),(147,1,'Login','Test Admin (Admin) logged in','2026-05-13 20:59:59'),(148,1,'Login','Test Admin (Admin) logged in','2026-05-14 18:53:05'),(149,1,'Login','Test Admin (Admin) logged in','2026-05-14 18:55:28'),(150,1,'Login','Test Admin (Admin) logged in','2026-05-14 18:56:55'),(151,1,'Login','Test Admin (Admin) logged in','2026-05-14 19:02:53'),(152,1,'Logout','Test logged out','2026-05-14 19:04:29'),(153,10,'Login','aaa aaa (SalesStaff) logged in','2026-05-14 19:04:32'),(154,10,'Sale','Transaction UT-20260514-190522 - Amount: ₱400.00 - Cash','2026-05-14 19:05:22'),(155,10,'Login','aaa aaa (SalesStaff) logged in','2026-05-15 09:42:17'),(156,10,'Logout','aaa logged out','2026-05-15 09:43:04'),(157,1,'Login','Test Admin (Admin) logged in','2026-05-15 09:43:19'),(158,1,'Logout','Test logged out','2026-05-15 09:46:12'),(159,9,'Login','bbb bbb (InventoryStaff) logged in','2026-05-15 09:46:15'),(160,9,'Logout','bbb logged out','2026-05-15 09:58:31'),(161,1,'Login','Test Admin (Admin) logged in','2026-05-15 09:58:35'),(162,1,'Logout','Test logged out','2026-05-15 10:08:16'),(163,10,'Login','aaa aaa (SalesStaff) logged in','2026-05-15 10:09:05'),(164,10,'Logout','aaa logged out','2026-05-15 10:18:25'),(165,9,'Login','bbb bbb (InventoryStaff) logged in','2026-05-15 10:18:28'),(166,1,'Login','Test Admin (Admin) logged in','2026-05-15 10:49:10'),(167,1,'Logout','Test logged out','2026-05-15 10:51:27'),(168,10,'Login','aaa aaa (SalesStaff) logged in','2026-05-15 10:51:31'),(169,10,'Login','aaa aaa (SalesStaff) logged in','2026-05-15 10:56:55'),(170,10,'Login','aaa aaa (SalesStaff) logged in','2026-05-15 10:58:24'),(171,10,'Sale','Transaction UT-20260515-105947 - Amount: ₱400.00 - GCash','2026-05-15 10:59:47'),(172,10,'Login','aaa aaa (SalesStaff) logged in','2026-05-15 11:01:20'),(173,10,'Login','aaa aaa (SalesStaff) logged in','2026-05-15 11:13:28'),(174,10,'Logout','aaa logged out','2026-05-15 11:13:38'),(175,10,'Login','aaa aaa (SalesStaff) logged in','2026-05-15 11:17:17'),(176,10,'Login','aaa aaa (SalesStaff) logged in','2026-05-15 11:18:24'),(177,10,'Sale','Transaction UT-20260515-111911 - Amount: ₱400.00 - Cash','2026-05-15 11:19:11'),(178,10,'Login','aaa aaa (SalesStaff) logged in','2026-05-15 11:19:36'),(179,10,'Sale','Transaction UT-20260515-111951 - Amount: ₱600.00 - Cash','2026-05-15 11:19:51'),(180,10,'Sale','Transaction UT-20260515-112039 - Amount: ₱400.00 - Cash','2026-05-15 11:20:39'),(181,10,'Login','aaa aaa (SalesStaff) logged in','2026-05-15 11:21:25'),(182,10,'Sale','Transaction UT-20260515-112133 - Amount: ₱360.00 - Cash','2026-05-15 11:21:33'),(183,1,'Login','Test Admin (Admin) logged in','2026-05-15 11:24:52'),(184,1,'Logout','Test logged out','2026-05-15 11:35:35'),(185,1,'Login','Test Admin (Admin) logged in','2026-05-15 12:00:04'),(186,1,'Logout','Test logged out','2026-05-15 12:00:06'),(187,1,'Login','Test Admin (Admin) logged in','2026-05-17 10:11:53'),(188,1,'Logout','Test logged out','2026-05-17 10:11:58'),(189,10,'Login','aaa aaa (SalesStaff) logged in','2026-05-17 10:12:02'),(190,10,'Logout','aaa logged out','2026-05-17 10:12:38'),(191,1,'Login','Test Admin (Admin) logged in','2026-05-17 10:12:41'),(192,1,'Logout','Test logged out','2026-05-17 10:12:56'),(193,10,'Login','aaa aaa (SalesStaff) logged in','2026-05-17 10:12:59'),(194,10,'Sale','Transaction UT-20260517-101327 - Amount: ₱200.00 - Cash','2026-05-17 10:13:27'),(195,10,'Logout','aaa logged out','2026-05-17 10:13:32'),(196,1,'Login','Test Admin (Admin) logged in','2026-05-17 10:13:36'),(197,1,'Login','Test Admin (Admin) logged in','2026-05-19 02:06:36'),(198,1,'Login','Test Admin (Admin) logged in','2026-05-19 07:46:52'),(199,1,'Logout','Test logged out','2026-05-19 07:47:44'),(200,10,'Login','aaa aaa (SalesStaff) logged in','2026-05-19 07:47:46'),(201,1,'Login','Test Admin (Admin) logged in','2026-05-20 21:46:04'),(202,1,'Logout','Test logged out','2026-05-20 21:46:20'),(203,9,'Login','bbb bbb (InventoryStaff) logged in','2026-05-20 21:46:22'),(204,9,'Login','bbb bbb (InventoryStaff) logged in','2026-05-20 21:48:19'),(205,1,'Login','Test Admin (Admin) logged in','2026-05-20 21:55:30'),(206,1,'Logout','Test logged out','2026-05-20 21:55:34'),(207,9,'Login','bbb bbb (InventoryStaff) logged in','2026-05-20 21:55:36'),(208,9,'Receive Order','Received/Updated PO-9 (Status: Partially Completed)','2026-05-20 21:55:54'),(209,9,'Receive Order','Received/Updated PO-9 (Status: Partially Completed)','2026-05-20 21:56:05'),(210,9,'Receive Order','Received/Updated PO-9 (Status: Partially Completed)','2026-05-20 21:56:16'),(211,9,'Receive Order','Received/Updated PO-9 (Status: Completed)','2026-05-20 21:56:21'),(212,9,'Create Order','Created PO-11 for supplier ID: 6','2026-05-20 21:57:39'),(213,9,'Receive Order','Received/Updated PO-11 (Status: Partially Completed)','2026-05-20 21:58:02'),(214,9,'Receive Order','Received/Updated PO-11 (Status: Partially Completed)','2026-05-20 21:58:16'),(215,9,'Receive Order','Received/Updated PO-11 (Status: Completed)','2026-05-20 21:58:46'),(216,9,'Create Order','Created PO-12 for supplier ID: 6','2026-05-20 21:59:27'),(217,9,'Login','bbb bbb (InventoryStaff) logged in','2026-05-20 22:26:35'),(218,9,'Receive Order','Received/Updated PO-12 (Status: Completed)','2026-05-20 22:26:42'),(219,9,'Create Order','Created PO-13 for supplier ID: 6','2026-05-20 22:27:27'),(220,9,'Receive Order','Received/Updated PO-13 (Status: Partially Completed)','2026-05-20 22:27:48'),(221,9,'Receive Order','Received/Updated PO-13 (Status: Partially Completed)','2026-05-20 22:27:51'),(222,9,'Receive Order','Received/Updated PO-13 (Status: Completed)','2026-05-20 22:28:09'),(223,9,'Login','bbb bbb (InventoryStaff) logged in','2026-05-20 22:34:58'),(224,9,'Create Order','Created PO-14 for supplier ID: 6','2026-05-20 22:36:33'),(225,9,'Receive Order','Received/Updated PO-14 (Status: Partially Completed)','2026-05-20 22:37:46'),(226,9,'Receive Order','Received/Updated PO-14 (Status: Completed)','2026-05-20 22:37:56'),(227,9,'Login','bbb bbb (InventoryStaff) logged in','2026-05-20 22:41:40'),(228,9,'Create Order','Created PO-15 for supplier ID: 6','2026-05-20 22:41:59'),(229,9,'Receive Order','Received/Updated PO-15 (Status: Partially Completed)','2026-05-20 22:43:55'),(230,9,'Receive Order','Received/Updated PO-15 (Status: Partially Completed)','2026-05-20 22:44:01'),(231,9,'Receive Order','Received/Updated PO-15 (Status: Partially Completed)','2026-05-20 22:44:12'),(232,9,'Logout','bbb logged out','2026-05-20 22:44:43'),(233,10,'Login','aaa aaa (SalesStaff) logged in','2026-05-20 22:44:45'),(234,10,'Logout','aaa logged out','2026-05-20 22:44:50'),(235,9,'Login','bbb bbb (InventoryStaff) logged in','2026-05-20 22:44:53'),(236,9,'Receive Order','Received/Updated PO-15 (Status: Completed)','2026-05-20 22:47:27'),(237,9,'Login','bbb bbb (InventoryStaff) logged in','2026-05-20 22:56:34'),(238,9,'Create Order','Created PO-16 for supplier ID: 6','2026-05-20 23:00:06'),(239,9,'Receive Order','Received/Updated PO-16 (Status: Partially Completed)','2026-05-20 23:00:58'),(240,9,'Receive Order','Received/Updated PO-16 (Status: Partially Completed)','2026-05-20 23:01:25'),(241,9,'Receive Order','Received/Updated PO-16 (Status: Completed)','2026-05-20 23:02:22'),(242,9,'Create Order','Created PO-17 for supplier ID: 6','2026-05-20 23:03:58'),(243,9,'Receive Order','Received/Updated PO-17 (Status: Partially Completed)','2026-05-20 23:04:11'),(244,9,'Receive Order','Received/Updated PO-17 (Status: Partially Completed)','2026-05-20 23:04:25'),(245,9,'Receive Order','Received/Updated PO-17 (Status: Partially Completed)','2026-05-20 23:05:16'),(246,9,'Receive Order','Received/Updated PO-17 (Status: Partially Completed)','2026-05-20 23:05:20'),(247,9,'Receive Order','Received/Updated PO-17 (Status: Partially Completed)','2026-05-20 23:05:37'),(248,9,'Receive Order','Received/Updated PO-17 (Status: Partially Completed)','2026-05-20 23:05:44'),(249,9,'Receive Order','Received/Updated PO-17 (Status: Partially Completed)','2026-05-20 23:05:52'),(250,9,'Delete Order','Deleted order ID: 17','2026-05-20 23:06:00'),(251,9,'Login','bbb bbb (InventoryStaff) logged in','2026-05-20 23:11:02'),(252,9,'Create Order','Created PO-18 for supplier ID: 6','2026-05-20 23:14:02'),(253,9,'Receive Order','Received/Updated PO-18 (Status: Partially Completed)','2026-05-20 23:14:04'),(254,9,'Receive Order','Received/Updated PO-18 (Status: Partially Completed)','2026-05-20 23:14:16'),(255,9,'Receive Order','Received/Updated PO-18 (Status: Completed)','2026-05-20 23:14:23'),(256,9,'Login','bbb bbb (InventoryStaff) logged in','2026-05-20 23:33:35'),(257,9,'Logout','bbb logged out','2026-05-20 23:33:52'),(258,1,'Login','Test Admin (Admin) logged in','2026-05-20 23:33:58'),(259,1,'Login','Test Admin (Admin) logged in','2026-05-21 00:01:10'),(260,1,'Login','Test Admin (Admin) logged in','2026-05-21 00:23:15'),(261,1,'Login','Test Admin (Admin) logged in','2026-05-21 00:28:11'),(262,1,'Logout','Test logged out','2026-05-21 00:28:23'),(263,1,'Login','Test Admin (Admin) logged in','2026-05-21 00:28:28'),(264,1,'Login','Test Admin (Admin) logged in','2026-05-21 00:33:13'),(265,1,'Login','Test Admin (Admin) logged in','2026-05-21 00:35:19'),(266,1,'Login','Test Admin (DB: Admin) logged in as SalesStaff','2026-05-21 00:46:19'),(267,1,'Logout','Test logged out','2026-05-21 00:46:21'),(268,1,'Login','Test Admin (DB: Admin) logged in as InventoryStaff','2026-05-21 00:46:27'),(269,1,'Logout','Test logged out','2026-05-21 00:46:29'),(270,9,'Login','bbb bbb (DB: InventoryStaff) logged in as InventoryStaff','2026-05-21 00:46:39'),(271,9,'Logout','bbb logged out','2026-05-21 00:46:41'),(272,1,'Login','Test Admin (DB: Admin) logged in as Admin','2026-05-21 00:46:45'),(273,1,'Edit User','Updated user: bbb (InventoryStaff)','2026-05-21 00:46:50'),(274,1,'Logout','Test logged out','2026-05-21 00:48:21'),(275,9,'Login','bbb bbb (DB: InventoryStaff) logged in as SalesStaff','2026-05-21 00:50:08'),(276,9,'Logout','bbb logged out','2026-05-21 00:50:13'),(277,9,'Login','bbb bbb (DB: InventoryStaff) logged in as InventoryStaff','2026-05-21 00:50:16'),(278,9,'Logout','bbb logged out','2026-05-21 00:50:40'),(279,1,'Login','Test Admin (DB: Admin) logged in as SalesStaff','2026-05-21 00:50:45'),(280,1,'Logout','Test logged out','2026-05-21 00:50:47'),(281,1,'Login','Test Admin (DB: Admin) logged in as Admin','2026-05-21 00:50:53'),(282,1,'Logout','Test logged out','2026-05-21 00:53:05'),(283,10,'Login','aaa aaa (DB: SalesStaff) logged in as SalesStaff','2026-05-21 00:53:09'),(284,10,'Logout','aaa logged out','2026-05-21 00:53:14'),(285,1,'Login','Test Admin (DB: Admin) logged in as Admin','2026-05-21 00:53:19'),(286,1,'Login','Test Admin logged in as Admin','2026-05-21 00:56:11'),(287,1,'Login','Test Admin logged in as Admin','2026-05-21 00:57:53'),(288,1,'Login','Test Admin logged in as Admin','2026-05-21 01:02:05'),(289,1,'Login','Test switched from Admin view to Staff view','2026-05-21 01:02:07'),(290,1,'Login','Test switched from Staff view to Admin view','2026-05-21 01:02:08'),(291,1,'Login','Test switched from Admin view to Staff view','2026-05-21 01:02:09'),(292,1,'Login','Test switched from Staff view to Admin view','2026-05-21 01:02:09'),(293,1,'Login','Test switched from Admin view to Staff view','2026-05-21 01:02:10'),(294,1,'Login','Test switched from Staff view to Admin view','2026-05-21 01:02:11'),(295,1,'Logout','Test logged out','2026-05-21 01:02:33'),(296,9,'Login','bbb bbb logged in as Staff','2026-05-21 01:02:35'),(297,9,'Logout','bbb logged out','2026-05-21 01:02:37'),(298,1,'Login','Test Admin logged in as Admin','2026-05-21 01:02:40'),(299,1,'Login','Test switched from Admin view to Staff view','2026-05-21 01:03:10'),(300,1,'Login','Test switched from Staff view to Admin view','2026-05-21 01:03:10'),(301,1,'Login','Test switched from Admin view to Staff view','2026-05-21 01:03:11'),(302,1,'Login','Test switched from Staff view to Admin view','2026-05-21 01:03:12'),(303,1,'Logout','Test logged out','2026-05-21 01:04:03'),(304,10,'Login','aaa aaa logged in as Staff','2026-05-21 01:04:06'),(305,1,'Login','Test Admin logged in as Admin','2026-05-21 01:07:10'),(306,1,'Login','Test switched from Admin view to Staff view','2026-05-21 01:07:12'),(307,1,'Login','Test switched from Staff view to Admin view','2026-05-21 01:07:29'),(308,1,'Login','Test switched from Admin view to Staff view','2026-05-21 01:07:33'),(309,1,'Login','Test switched from Staff view to Staff view','2026-05-21 01:07:33'),(310,1,'Login','Test switched from Staff view to Staff view','2026-05-21 01:07:33'),(311,1,'Login','Test switched from Staff view to Staff view','2026-05-21 01:07:33'),(312,1,'Login','Test switched from Staff view to Staff view','2026-05-21 01:07:33'),(313,1,'Login','Test switched from Staff view to Staff view','2026-05-21 01:07:33'),(314,1,'Login','Test switched from Staff view to Staff view','2026-05-21 01:07:33'),(315,1,'Login','Test switched from Staff view to Admin view','2026-05-21 01:07:33'),(316,1,'Login','Test switched from Admin view to Staff view','2026-05-21 01:07:34'),(317,1,'Login','Test switched from Staff view to Admin view','2026-05-21 01:07:35'),(318,1,'Login','Test switched from Admin view to Staff view','2026-05-21 01:07:36'),(319,1,'Login','Test switched from Staff view to Admin view','2026-05-21 01:07:51'),(320,1,'Login','Test switched from Admin view to Staff view','2026-05-21 01:07:53'),(321,1,'Login','Test switched from Staff view to Admin view','2026-05-21 01:07:54'),(322,1,'Login','Test switched from Admin view to Staff view','2026-05-21 01:08:25'),(323,1,'Login','Test switched from Staff view to Admin view','2026-05-21 01:08:29'),(324,1,'Logout','Test logged out','2026-05-21 01:08:35'),(325,10,'Login','aaa aaa logged in as Staff','2026-05-21 01:08:37'),(326,10,'Logout','aaa logged out','2026-05-21 01:08:44'),(327,1,'Login','Test Admin logged in as Admin','2026-05-21 01:08:47'),(328,1,'Edit User','Updated user: aaa (SalesStaff)','2026-05-21 01:08:53'),(329,1,'Edit User','Updated user: bbb (SalesStaff)','2026-05-21 01:08:56'),(330,1,'Create User','Created user: ccc (SalesStaff)','2026-05-21 01:09:03'),(331,1,'Login','Test switched from Admin view to Staff view','2026-05-21 01:10:10'),(332,1,'Sale','Transaction UT-20260520-011019 - Amount: ₱600.00 - Cash','2026-05-21 01:10:19'),(333,1,'Login','Test switched from Staff view to Admin view','2026-05-21 01:10:42'),(334,1,'Login','Test switched from Admin view to Staff view','2026-05-21 01:11:05'),(335,1,'Login','Test switched from Staff view to Admin view','2026-05-21 01:11:06'),(336,1,'Login','Test switched from Admin view to Staff view','2026-05-21 01:11:07'),(337,1,'Logout','Test logged out','2026-05-21 01:11:10'),(338,10,'Login','aaa aaa logged in as Staff','2026-05-21 01:11:13'),(339,10,'Logout','aaa logged out','2026-05-21 01:17:06'),(340,1,'Login','Test Admin logged in as Admin','2026-05-21 01:17:10'),(341,1,'Login','Test switched from Admin view to Staff view','2026-05-21 01:19:58'),(342,1,'Sale','Transaction UT-20260520-012007 - Amount: ₱600.00 - Cash','2026-05-21 01:20:07'),(343,1,'Login','Test switched from Staff view to Admin view','2026-05-21 01:20:11'),(344,1,'Login','Test switched from Admin view to Staff view','2026-05-21 01:24:18'),(345,1,'Create Order','Created PO-19 for supplier ID: 6','2026-05-21 01:24:25'),(346,1,'Login','Test switched from Staff view to Admin view','2026-05-21 01:24:28'),(347,1,'Login','Test switched from Admin view to Staff view','2026-05-21 01:24:47'),(348,1,'Logout','Test logged out','2026-05-21 01:24:48'),(349,9,'Login','bbb bbb logged in as Staff','2026-05-21 01:24:50'),(350,9,'Logout','bbb logged out','2026-05-21 01:24:59'),(351,1,'Login','Test Admin logged in as Admin','2026-05-21 01:25:02'),(352,1,'Edit User','Updated user: ccc (SalesStaff)','2026-05-21 01:25:07'),(353,1,'Login','Test Admin logged in as Admin','2026-05-21 07:40:57'),(354,1,'Login','Test switched from Admin view to Staff view','2026-05-21 07:41:02'),(355,1,'Logout','Test logged out','2026-05-21 07:41:06'),(356,10,'Login','aaa aaa logged in as Staff','2026-05-21 07:41:09'),(357,10,'Logout','aaa logged out','2026-05-21 07:41:19'),(358,1,'Login','Test Admin logged in as Admin','2026-05-21 07:41:24'),(359,1,'Login','Test switched from Admin view to Staff view','2026-05-21 07:41:26'),(360,1,'Login','Test switched from Staff view to Admin view','2026-05-21 07:41:39'),(361,1,'Login','Test switched from Admin view to Staff view','2026-05-21 07:41:42'),(362,1,'Login','Test switched from Staff view to Staff view','2026-05-21 07:41:42'),(363,1,'Login','Test switched from Staff view to Staff view','2026-05-21 07:41:42'),(364,1,'Login','Test switched from Staff view to Staff view','2026-05-21 07:41:42'),(365,1,'Login','Test switched from Staff view to Admin view','2026-05-21 07:41:46'),(366,1,'Login','Test switched from Admin view to Staff view','2026-05-21 07:41:48'),(367,1,'Login','Test switched from Staff view to Admin view','2026-05-21 07:41:55'),(368,1,'Login','Test switched from Admin view to Staff view','2026-05-21 07:42:17'),(369,1,'Login','Test switched from Staff view to Admin view','2026-05-21 07:44:08'),(370,1,'Login','Test switched from Admin view to Staff view','2026-05-21 07:49:58'),(371,1,'Login','Test switched from Staff view to Admin view','2026-05-21 07:49:58'),(372,1,'Login','Test switched from Admin view to Staff view','2026-05-21 07:49:59'),(373,1,'Sale','Transaction UT-20260520-075237 - Amount: ₱2672.00 - Cash','2026-05-21 07:52:37'),(374,1,'Login','Test Admin logged in as Admin','2026-05-21 08:22:21'),(375,1,'Login','Test switched from Admin view to Staff view','2026-05-21 08:23:44'),(376,1,'Login','Test Admin logged in as Admin','2026-05-21 08:36:02'),(377,1,'Login','Test switched from Admin view to Staff view','2026-05-21 08:36:05'),(378,1,'Login','Test switched from Staff view to Admin view','2026-05-21 08:43:57'),(379,1,'Logout','Test logged out','2026-05-21 08:43:58'),(380,1,'Login','Test Admin logged in as Admin','2026-05-21 08:44:09'),(381,1,'Login','Test switched from Admin view to Staff view','2026-05-21 08:45:16'),(382,1,'Create Order','Created PO-20 for supplier ID: 6','2026-05-21 08:48:27'),(383,1,'Receive Order','Received/Updated PO-20 (Status: Partially Completed)','2026-05-21 08:49:03'),(384,1,'Receive Order','Received/Updated PO-20 (Status: Partially Completed)','2026-05-21 08:49:53'),(385,1,'Sale','Transaction UT-20260521-090344 - Amount: ₱254.80 - GCash','2026-05-21 09:03:45'),(386,1,'Login','Test switched from Staff view to Admin view','2026-05-21 09:08:39'),(387,1,'Login','Test switched from Admin view to Staff view','2026-05-21 09:25:44'),(388,1,'Login','Test switched from Staff view to Admin view','2026-05-21 09:25:45'),(389,1,'Login','Test switched from Admin view to Staff view','2026-05-21 09:25:45'),(390,1,'Login','Test Admin logged in as Admin','2026-05-21 18:57:03'),(391,10,'Login','aaa aaa logged in as Staff','2026-05-22 06:08:41'),(392,10,'Login','aaa aaa logged in as Staff','2026-05-22 06:24:18'),(393,10,'Logout','aaa logged out','2026-05-22 06:24:27'),(394,1,'Login','Test Admin logged in as Admin','2026-05-22 06:24:31'),(395,1,'Login','Test switched from Admin view to Staff view','2026-05-22 06:24:52'),(396,1,'Login','Test switched from Staff view to Admin view','2026-05-22 06:25:00'),(397,1,'Login','Test Admin logged in as Admin','2026-05-22 06:31:47'),(398,1,'Login','Test Admin logged in as Admin','2026-05-22 06:34:48'),(399,1,'Login','Test switched from Admin view to Staff view','2026-05-22 06:35:31'),(400,1,'Login','Test switched from Staff view to Admin view','2026-05-22 06:35:32'),(401,1,'Logout','Test logged out','2026-05-22 06:35:41'),(402,9,'Login','bbb bbb logged in as Staff','2026-05-22 06:35:44'),(403,9,'Receive Order','Received/Updated PO-20 (Status: Partially Completed)','2026-05-22 06:36:03'),(404,9,'Receive Order','Received/Updated PO-20 (Status: Completed)','2026-05-22 06:36:27'),(405,9,'Create Order','Created PO-21 for supplier ID: 6','2026-05-22 06:37:18'),(406,9,'Receive Order','Received/Updated PO-21 (Status: Partially Completed)','2026-05-22 06:37:26'),(407,9,'Receive Order','Received/Updated PO-21 (Status: Completed)','2026-05-22 06:37:34'),(408,9,'Create Order','Created PO-22 for supplier ID: 6','2026-05-22 06:38:18'),(409,9,'Receive Order','Received/Updated PO-22 (Status: Partially Completed)','2026-05-22 06:38:24'),(410,9,'Receive Order','Received/Updated PO-22 (Status: Completed)','2026-05-22 06:38:32'),(411,9,'Logout','bbb logged out','2026-05-22 06:39:16'),(412,10,'Login','aaa aaa logged in as Staff','2026-05-22 06:39:19'),(413,10,'Sale','Transaction UT-20260521-064025 - Amount: ₱1622.00 - Cash','2026-05-22 06:40:25'),(414,1,'Login','Test Admin logged in as Admin','2026-05-22 07:40:24'),(415,1,'Login','Test switched from Admin view to Staff view','2026-05-22 07:41:13'),(416,1,'Login','Test switched from Staff view to Admin view','2026-05-22 07:42:27'),(417,1,'Login','Test switched from Admin view to Staff view','2026-05-22 07:44:36'),(418,1,'Create Order','Created PO-23 for supplier ID: 6','2026-05-22 07:46:30'),(419,1,'Receive Order','Received/Updated PO-23 (Status: Partially Completed)','2026-05-22 07:46:44'),(420,1,'Receive Order','Received/Updated PO-23 (Status: Partially Completed)','2026-05-22 07:46:51'),(421,1,'Receive Order','Received/Updated PO-23 (Status: Partially Completed)','2026-05-22 07:47:05'),(422,1,'Receive Order','Received/Updated PO-23 (Status: Partially Completed)','2026-05-22 07:47:14'),(423,1,'Receive Order','Received/Updated PO-23 (Status: Completed)','2026-05-22 07:47:18'),(424,1,'Create Order','Created PO-24 for supplier ID: 6','2026-05-22 07:48:53'),(425,1,'Receive Order','Received/Updated PO-24 (Status: Partially Completed)','2026-05-22 07:49:28'),(426,1,'Login','Test switched from Staff view to Admin view','2026-05-22 07:50:04'),(427,1,'Login','Test switched from Admin view to Staff view','2026-05-22 07:50:05'),(428,1,'Login','Test switched from Staff view to Admin view','2026-05-22 07:50:06'),(429,1,'Login','Test switched from Admin view to Staff view','2026-05-22 07:50:07'),(430,1,'Login','Test switched from Staff view to Admin view','2026-05-22 07:51:02'),(431,1,'Login','Test switched from Admin view to Staff view','2026-05-22 08:00:21'),(432,1,'Receive Order','Received/Updated PO-24 (Status: Partially Completed)','2026-05-22 09:16:39'),(433,1,'Receive Order','Received/Updated PO-24 (Status: Partially Completed)','2026-05-22 09:20:38'),(434,1,'Receive Order','Received/Updated PO-24 (Status: Partially Completed)','2026-05-22 09:20:56'),(435,1,'Receive Order','Received/Updated PO-24 (Status: Partially Completed)','2026-05-22 09:28:42'),(436,1,'Receive Order','Received/Updated PO-24 (Status: Partially Completed)','2026-05-22 09:29:27'),(437,1,'Receive Order','Received/Updated PO-24 (Status: Completed)','2026-05-22 09:30:28'),(438,1,'Login','Test Admin logged in as Admin','2026-05-22 09:41:52'),(439,1,'Login','Test switched from Admin view to Staff view','2026-05-22 11:01:59'),(440,1,'Create Order','Created PO-25 for supplier ID: 6','2026-05-22 11:02:26'),(441,1,'Receive Order','Received/Updated PO-25 (Status: Partially Completed)','2026-05-22 11:02:44'),(442,1,'Login','Test switched from Staff view to Admin view','2026-05-22 11:03:57'),(443,1,'Login','Test switched from Admin view to Staff view','2026-05-22 11:04:26'),(444,1,'Login','Test switched from Staff view to Admin view','2026-05-22 11:04:33'),(445,1,'Login','Test switched from Admin view to Staff view','2026-05-22 11:05:28'),(446,1,'Receive Order','Received/Updated PO-25 (Status: Partially Completed)','2026-05-22 11:08:53'),(447,1,'Login','Test switched from Staff view to Admin view','2026-05-22 11:26:50'),(448,1,'Login','Test switched from Admin view to Staff view','2026-05-22 11:27:43'),(449,1,'Login','Test switched from Staff view to Admin view','2026-05-22 11:28:46'),(450,1,'Login','Test switched from Admin view to Staff view','2026-05-22 11:28:47'),(451,1,'Login','Test switched from Staff view to Admin view','2026-05-22 11:28:47'),(452,1,'Login','Test switched from Admin view to Staff view','2026-05-22 11:28:47'),(453,1,'Login','Test switched from Staff view to Admin view','2026-05-22 11:28:48'),(454,1,'Login','Test switched from Admin view to Staff view','2026-05-22 11:28:48'),(455,1,'Login','Test switched from Staff view to Admin view','2026-05-22 11:28:48'),(456,1,'Login','Test switched from Admin view to Staff view','2026-05-22 11:28:49'),(457,1,'Login','Test switched from Staff view to Admin view','2026-05-22 11:28:51'),(458,1,'Login','Test switched from Admin view to Staff view','2026-05-22 11:28:52'),(459,1,'Login','Test switched from Staff view to Admin view','2026-05-22 11:28:52'),(460,1,'Login','Test switched from Admin view to Staff view','2026-05-22 11:28:52'),(461,1,'Login','Test switched from Staff view to Admin view','2026-05-22 11:28:52'),(462,1,'Login','Test switched from Admin view to Staff view','2026-05-22 11:28:52'),(463,1,'Login','Test switched from Staff view to Admin view','2026-05-22 11:28:53'),(464,1,'Login','Test switched from Admin view to Staff view','2026-05-22 11:28:53'),(465,1,'Login','Test switched from Staff view to Admin view','2026-05-22 11:28:53'),(466,1,'Login','Test switched from Admin view to Staff view','2026-05-22 11:28:53'),(467,1,'Login','Test switched from Staff view to Admin view','2026-05-22 11:28:53'),(468,1,'Login','Test switched from Admin view to Staff view','2026-05-22 11:38:11'),(469,1,'Login','Test Admin logged in as Admin','2026-05-22 15:32:38'),(470,1,'Logout','Test logged out','2026-05-22 15:33:26'),(471,1,'Login','Test Admin logged in as Admin','2026-05-22 15:33:29'),(472,1,'Login','Test switched from Admin view to Staff view','2026-05-22 15:33:31'),(473,1,'Sale','Transaction UT-20260522-153949 - Amount: ₱14056.00 - Cash','2026-05-22 15:39:49'),(474,1,'Login','Test switched from Staff view to Admin view','2026-05-22 15:40:10'),(475,1,'Login','Test Admin logged in as Admin','2026-05-22 15:58:55'),(476,1,'Login','Test Admin logged in as Admin','2026-05-23 13:31:01'),(477,1,'Login','Test switched from Admin view to Staff view','2026-05-23 13:31:36'),(478,1,'Login','Test switched from Staff view to Admin view','2026-05-23 13:31:39'),(479,1,'Login','Test switched from Admin view to Staff view','2026-05-23 13:31:40'),(480,1,'Sale','Transaction UT-20260523-133202 - Amount: ₱40800.00 - Bank Transfer','2026-05-23 13:32:02'),(481,1,'Login','Test switched from Staff view to Admin view','2026-05-23 13:32:07'),(482,1,'Auto Reorder','Auto-created PO-31 for afdfa (1 item(s))','2026-05-23 13:54:02'),(483,1,'Auto Reorder','Auto-created PO-32 for Alpha Prime Trading (2 item(s))','2026-05-23 13:54:02'),(484,1,'Auto Reorder','Auto-created PO-33 for Alpha Prime Trading (1 item(s))','2026-05-23 13:54:18'),(485,1,'Login','Test switched from Admin view to Staff view','2026-05-23 13:54:26'),(486,1,'Receive Order','Received/Updated PO-33 (Status: Completed)','2026-05-23 13:55:41'),(487,1,'Receive Order','Received/Updated PO-32 (Status: Completed)','2026-05-23 13:55:52'),(488,1,'Delete Order','Deleted order ID: 31','2026-05-23 13:56:11'),(489,1,'Delete Order','Deleted order ID: 30','2026-05-23 13:56:21'),(490,1,'Delete Order','Deleted order ID: 26','2026-05-23 13:56:46'),(491,1,'Delete Order','Deleted order ID: 29','2026-05-23 13:56:49'),(492,1,'Delete Order','Deleted order ID: 28','2026-05-23 13:56:51'),(493,1,'Delete Order','Deleted order ID: 27','2026-05-23 13:56:55'),(494,1,'Login','Test Admin logged in as Admin','2026-05-23 14:02:53'),(495,1,'Auto Reorder','Auto-created PO-34 for Alpha Prime Trading (3 item(s))','2026-05-23 14:05:12'),(496,1,'Login','Test switched from Admin view to Staff view','2026-05-23 14:05:16'),(497,1,'Delete Order','Deleted order ID: 34','2026-05-23 14:05:49'),(498,1,'Login','Test switched from Staff view to Admin view','2026-05-23 14:06:45'),(499,1,'Login','Test switched from Admin view to Staff view','2026-05-23 14:08:11'),(500,1,'Login','Test switched from Staff view to Admin view','2026-05-23 14:10:06'),(501,1,'Login','Test switched from Admin view to Staff view','2026-05-23 14:10:07'),(502,1,'Login','Test switched from Staff view to Admin view','2026-05-23 14:10:09'),(503,1,'Login','Test switched from Admin view to Staff view','2026-05-23 14:10:10'),(504,1,'Login','Test switched from Staff view to Admin view','2026-05-23 14:10:13'),(505,1,'Login','Test switched from Admin view to Staff view','2026-05-23 14:10:14'),(506,1,'Delete Order','Deleted order ID: 19','2026-05-23 14:12:39'),(507,1,'Login','Test Admin logged in as Admin','2026-05-23 14:23:04'),(508,1,'Login','Test switched from Admin view to Staff view','2026-05-23 14:25:55'),(509,1,'Login','Test Admin logged in as Admin','2026-05-23 14:36:27'),(510,1,'Auto Reorder','Auto-created PO-35 for Everflow Trading (3 item(s))','2026-05-23 14:36:36'),(511,1,'Login','Test switched from Admin view to Staff view','2026-05-23 14:36:44'),(512,1,'Login','Test Admin logged in as Admin','2026-05-23 14:45:50'),(513,1,'Login','Test switched from Admin view to Staff view','2026-05-23 14:46:02'),(514,1,'Create Order','Created PO-36 for supplier ID: 14','2026-05-23 14:46:29'),(515,1,'Delete Order','Deleted order ID: 36','2026-05-23 14:46:32'),(516,1,'Login','Test switched from Staff view to Admin view','2026-05-23 14:46:37'),(517,1,'Login','Test Admin logged in as Admin','2026-05-23 14:47:29'),(518,1,'Login','Test switched from Admin view to Staff view','2026-05-23 14:53:57'),(519,1,'Login','Test switched from Staff view to Admin view','2026-05-23 14:54:00'),(520,1,'Login','Test switched from Admin view to Staff view','2026-05-23 14:54:01'),(521,1,'Login','Test switched from Staff view to Admin view','2026-05-23 14:54:01'),(522,1,'Login','Test switched from Admin view to Staff view','2026-05-23 14:54:46'),(523,1,'Login','Test Admin logged in as Admin','2026-05-23 14:59:41'),(524,1,'Login','Test switched from Admin view to Staff view','2026-05-23 15:00:00'),(525,1,'Login','Test switched from Staff view to Admin view','2026-05-23 15:00:15'),(526,1,'Login','Test switched from Admin view to Staff view','2026-05-23 15:02:21'),(527,1,'Login','Test switched from Staff view to Admin view','2026-05-23 15:02:35'),(528,1,'Login','Test switched from Admin view to Staff view','2026-05-23 15:02:51'),(529,1,'Login','Test switched from Staff view to Admin view','2026-05-23 15:02:59'),(530,1,'Login','Test Admin logged in as Admin','2026-05-23 23:12:34'),(531,1,'Login','Test Admin logged in as Admin','2026-05-23 23:13:26'),(532,1,'Login','Test Admin logged in as Admin','2026-05-24 13:55:27'),(533,1,'Login','Test Admin logged in as Admin','2026-05-24 13:57:27'),(534,1,'Edit User','Updated user: admin (Admin,SalesStaff,InventoryStaff)','2026-05-24 13:57:37'),(535,1,'Logout','Test logged out','2026-05-24 13:57:41'),(536,1,'Login','Test Admin logged in as Admin','2026-05-24 13:57:43'),(537,1,'Login','Test switched from Admin view to Inventory view','2026-05-24 13:57:46'),(538,1,'Login','Test switched from Inventory view to Sales view','2026-05-24 13:57:48'),(539,1,'Login','Test switched from Sales view to Admin view','2026-05-24 13:57:52'),(540,1,'Login','Test switched from Admin view to Sales view','2026-05-24 13:57:54'),(541,1,'Logout','Test logged out','2026-05-24 13:58:47'),(542,1,'Login','Test Admin logged in as Admin','2026-05-24 14:03:21'),(543,1,'Login','Test Admin logged in as Admin','2026-05-24 14:10:05'),(544,1,'Login','Test Admin logged in as Admin','2026-05-24 14:31:31'),(545,1,'Login','Test switched from Admin view to Inventory view','2026-05-24 14:31:36'),(546,1,'Login','Test switched from Inventory view to Sales view','2026-05-24 14:31:39'),(547,1,'Login','Test switched from Sales view to Inventory view','2026-05-24 14:31:41'),(548,1,'Login','Test switched from Inventory view to Sales view','2026-05-24 14:37:56'),(549,1,'Login','Test switched from Sales view to Admin view','2026-05-24 14:37:57'),(550,1,'Login','Test switched from Admin view to Inventory view','2026-05-24 14:38:39'),(551,1,'Login','Test switched from Inventory view to Sales view','2026-05-24 14:38:41'),(552,1,'Login','Test switched from Sales view to Admin view','2026-05-24 14:38:45'),(553,1,'Login','Test switched from Admin view to Sales view','2026-05-24 15:51:46'),(554,1,'Login','Test switched from Sales view to Inventory view','2026-05-24 15:51:47'),(555,1,'Login','Test switched from Inventory view to Sales view','2026-05-24 15:51:49'),(556,1,'Login','Test switched from Sales view to Admin view','2026-05-24 15:51:50'),(557,1,'Login','Test Admin logged in as Admin','2026-05-24 17:05:59'),(558,1,'Login','Test switched from Admin view to Sales view','2026-05-24 17:42:25'),(559,1,'Login','Test switched from Sales view to Inventory view','2026-05-24 17:42:27'),(560,1,'Login','Test switched from Inventory view to Admin view','2026-05-24 17:42:28'),(561,1,'Login','Test Admin logged in as Admin','2026-05-24 18:13:34'),(562,1,'Login','Test Admin logged in as Admin','2026-05-24 18:19:46'),(563,1,'Login','Test Admin logged in as Admin','2026-05-24 18:31:54'),(564,1,'Login','Test Admin logged in as Admin','2026-05-24 18:37:35'),(565,1,'Login','Test Admin logged in as Admin','2026-05-24 18:49:21'),(566,1,'Login','Test Admin logged in as Admin','2026-05-24 20:53:34'),(567,1,'Login','Test switched from Admin view to Inventory view','2026-05-24 21:01:18'),(568,1,'Login','Test switched from Inventory view to Sales view','2026-05-24 21:01:21'),(569,1,'Logout','Test logged out','2026-05-24 21:01:27'),(570,1,'Login','Test Admin logged in as Admin','2026-05-24 21:02:52'),(571,1,'Login','Test Admin logged in as Admin','2026-05-24 21:08:31'),(572,1,'Login','Test Admin logged in as Admin','2026-05-24 21:14:11'),(573,1,'Login','Test Admin logged in as Admin','2026-05-24 21:18:35'),(574,1,'Login','Test Admin logged in as Admin','2026-05-24 22:05:07'),(575,1,'Login','Test Admin logged in as Admin','2026-05-24 22:31:36'),(576,1,'Login','Test Admin logged in as Admin','2026-05-25 01:09:25'),(577,1,'Login','Test Admin logged in as Admin','2026-05-25 01:15:10'),(578,1,'Login','Test Admin logged in as Admin','2026-05-25 01:18:50'),(579,1,'Login','Test Admin logged in as Admin','2026-05-25 11:21:12'),(580,1,'Login','Test Admin logged in as Admin','2026-05-25 21:06:48'),(581,1,'Login','Test Admin logged in as Admin','2026-05-25 21:08:26'),(582,1,'Login','Test switched from Admin view to Inventory view','2026-05-25 21:08:33'),(583,1,'Login','Test switched from Inventory view to Admin view','2026-05-25 21:08:37'),(584,1,'Login','Test switched from Admin view to Inventory view','2026-05-25 21:08:38'),(585,1,'Login','Test switched from Inventory view to Sales view','2026-05-25 21:08:39'),(586,1,'Login','Test switched from Sales view to Admin view','2026-05-25 21:08:41'),(587,1,'Login','Test switched from Admin view to Inventory view','2026-05-25 21:08:46'),(588,1,'Login','Test switched from Inventory view to Admin view','2026-05-25 21:08:50'),(589,1,'Login','Test switched from Admin view to Inventory view','2026-05-25 21:10:08'),(590,1,'Login','Test switched from Inventory view to Sales view','2026-05-25 21:10:09'),(591,1,'Login','Test switched from Sales view to Admin view','2026-05-25 21:11:04'),(592,1,'Login','Test switched from Admin view to Sales view','2026-05-25 21:21:21'),(593,1,'Login','Test Admin logged in as Admin','2026-05-25 21:21:40'),(594,1,'Login','Test Admin logged in as Admin','2026-05-25 23:21:42'),(595,1,'Login','Test Admin logged in as Admin','2026-05-25 23:24:00'),(596,1,'Login','Test switched from Admin view to Sales view','2026-05-25 23:25:26'),(597,1,'Sale','Transaction UT-052526-0001 - Amount: ₱244.00 - Cash','2026-05-25 23:25:43'),(598,1,'Login','Test switched from Sales view to Admin view','2026-05-25 23:26:25'),(599,1,'Login','Test switched from Admin view to Sales view','2026-05-25 23:27:55'),(600,1,'Login','Test switched from Sales view to Inventory view','2026-05-25 23:28:09'),(601,1,'Login','Test switched from Inventory view to Admin view','2026-05-25 23:28:18'),(602,1,'Login','Test switched from Admin view to Sales view','2026-05-25 23:28:32'),(603,1,'Login','Test Admin logged in as Admin','2026-05-25 23:29:06'),(604,1,'Login','Test Admin logged in as Admin','2026-05-25 23:29:08'),(605,1,'Login','Test switched from Admin view to Sales view','2026-05-25 23:29:17'),(606,1,'Login','Test switched from Sales view to Inventory view','2026-05-25 23:29:31'),(607,1,'Login','Test switched from Inventory view to Sales view','2026-05-25 23:30:39'),(608,1,'Sale','Transaction UT-052526-0002 - Amount: ₱30.00 - Cash','2026-05-25 23:30:58'),(609,1,'Login','Test switched from Sales view to Admin view','2026-05-25 23:31:04'),(610,1,'Login','Test switched from Admin view to Sales view','2026-05-25 23:41:51'),(611,1,'Login','Test switched from Sales view to Admin view','2026-05-25 23:41:58'),(612,1,'Login','Test switched from Admin view to Inventory view','2026-05-25 23:42:01'),(613,1,'Login','Test switched from Inventory view to Sales view','2026-05-25 23:42:01'),(614,1,'Login','Test switched from Sales view to Admin view','2026-05-25 23:42:37'),(615,1,'Login','Test Admin logged in as Admin','2026-05-25 23:52:18'),(616,1,'Login','Test Admin logged in as Admin','2026-05-26 00:00:48'),(617,1,'Login','Test switched from Admin view to Sales view','2026-05-26 00:09:20'),(618,1,'Login','Test switched from Sales view to Admin view','2026-05-26 00:09:43'),(619,1,'Login','Test Admin logged in as Admin','2026-05-26 00:33:06'),(620,1,'Login','Test Admin logged in as Admin','2026-05-26 00:38:38'),(621,1,'Login','Test switched from Admin view to Inventory view','2026-05-26 00:44:17'),(622,1,'Login','Test switched from Inventory view to Sales view','2026-05-26 00:44:20'),(623,1,'Login','Test switched from Sales view to Admin view','2026-05-26 00:44:22'),(624,1,'Login','Test Admin logged in as Admin','2026-05-26 00:46:14'),(625,1,'Logout','Test logged out','2026-05-26 00:46:39'),(626,1,'Login','Test Admin logged in as Admin','2026-05-26 00:46:42'),(627,1,'Login','Test Admin logged in as Admin','2026-05-26 00:47:19'),(628,1,'Login','Test Admin logged in as Admin','2026-05-26 00:53:39'),(629,1,'Login','Test switched from Admin view to Sales view','2026-05-26 00:54:02'),(630,1,'Sale','Transaction UT-052626-0001 - Amount: ₱60.00 - Cash','2026-05-26 00:54:26'),(631,1,'Login','Test switched from Sales view to Admin view','2026-05-26 00:54:39'),(632,1,'Login','Test Admin logged in as Admin','2026-05-26 01:01:03'),(633,1,'Login','Test Admin logged in as Admin','2026-05-26 01:13:07'),(634,1,'Login','Test Admin logged in as Admin','2026-05-26 01:21:13'),(635,1,'Login','Test Admin logged in as Admin','2026-05-26 01:26:01'),(636,1,'Login','Test switched from Admin view to Sales view','2026-05-26 01:26:29'),(637,1,'Login','Test switched from Sales view to Admin view','2026-05-26 01:26:45'),(638,1,'Login','Test Admin logged in as Admin','2026-05-26 12:19:02'),(639,1,'Login','Test switched from Admin view to Inventory view','2026-05-26 12:21:21'),(640,1,'Login','Test switched from Inventory view to Sales view','2026-05-26 12:21:21'),(641,1,'Login','Test switched from Sales view to Admin view','2026-05-26 12:21:24'),(642,1,'Login','Test Admin logged in as Admin','2026-05-26 18:12:41'),(643,1,'Login','Test Admin logged in as Admin','2026-05-27 17:41:10'),(644,1,'Login','Test Admin logged in as Admin','2026-05-27 18:59:05'),(645,1,'Login','Test Admin logged in as Admin','2026-05-27 19:05:10'),(646,1,'Login','Test Admin logged in as Admin','2026-05-28 08:56:59'),(647,1,'Login','Test switched from Admin view to Sales view','2026-05-28 08:59:24'),(648,1,'Login','Test switched from Sales view to Inventory view','2026-05-28 08:59:28'),(649,1,'Login','Test switched from Inventory view to Admin view','2026-05-28 08:59:33'),(650,1,'Login','Test Admin logged in as Admin','2026-05-28 09:06:54'),(651,1,'Login','Test switched from Admin view to Sales view','2026-05-28 09:07:11'),(652,1,'Sale','Transaction UT-052826-0001 - Amount: ₱1080.00 - Cash','2026-05-28 09:10:10'),(653,1,'Login','Test switched from Sales view to Admin view','2026-05-28 09:10:56'),(654,1,'Login','Test switched from Admin view to Sales view','2026-05-28 09:11:03'),(655,1,'Sale','Transaction UT-052826-0002 - Amount: ₱400.00 - Pay Later','2026-05-28 09:11:40'),(656,1,'Payment Settled','Settled payment (Cash: ₱400.00, Digital: ₱0.00) for TXN: UT-052826-0002 (Status: Paid)','2026-05-28 09:12:02'),(657,1,'Logout','Test logged out','2026-05-28 13:32:17'),(658,1,'Login','Test Admin logged in as Admin','2026-05-28 13:32:21'),(659,1,'Login','Test Admin logged in as Admin','2026-05-28 13:55:29'),(660,1,'Login','Test Admin logged in as Admin','2026-05-29 08:48:04'),(661,1,'Login','Test switched from Admin view to Sales view','2026-05-29 08:48:10'),(662,1,'Login','Test Admin logged in as Admin','2026-05-29 09:01:52'),(663,1,'Login','Test Admin logged in as Admin','2026-05-29 09:27:38'),(664,1,'Receive Order','Received/Updated PO-25 (Status: Partially Completed)','2026-05-29 09:28:40'),(665,1,'Delete Order','Deleted order ID: 35','2026-05-29 09:30:01'),(666,1,'Create Order','Created PO-37 for supplier ID: 11','2026-05-29 09:30:16'),(667,1,'Login','Test switched from Admin view to Sales view','2026-05-29 09:36:11'),(668,1,'Login','Test Admin logged in as Admin','2026-05-29 09:37:58'),(669,1,'Login','Test Admin logged in as Admin','2026-05-29 10:30:40'),(670,1,'Login','Test Admin logged in as Admin','2026-05-29 10:30:41'),(671,1,'Login','Test switched from Admin view to Sales view','2026-05-29 10:31:10'),(672,1,'Sale','Transaction UT-052926-0001 - Amount: ₱642.00 - Cash','2026-05-29 10:31:49'),(673,1,'Login','Test Admin logged in as Admin','2026-05-29 10:32:35'),(674,1,'Login','Test switched from Admin view to Sales view','2026-05-29 10:32:39'),(675,1,'Sale','Transaction UT-052926-0002 - Amount: ₱1743.00 - Cash','2026-05-29 10:34:21'),(676,1,'Sale','Transaction UT-052926-0003 - Amount: ₱400.00 - Cash','2026-05-29 10:34:37'),(677,1,'Sale','Transaction UT-052926-0004 - Amount: ₱300.00 - Pay Later','2026-05-29 10:35:10'),(678,1,'Login','Test switched from Sales view to Admin view','2026-05-29 10:35:16'),(679,1,'Login','Test Admin logged in as Admin','2026-05-29 10:39:01'),(680,1,'Login','Test switched from Admin view to Inventory view','2026-05-29 10:42:00'),(681,1,'Login','Test switched from Inventory view to Admin view','2026-05-29 10:42:05'),(682,1,'Login','Test switched from Admin view to Sales view','2026-05-29 10:42:10'),(683,1,'Login','Test switched from Sales view to Admin view','2026-05-29 10:53:31'),(684,1,'Login','Test switched from Admin view to Sales view','2026-05-29 11:01:20'),(685,1,'Login','Test switched from Sales view to Admin view','2026-05-29 11:01:24'),(686,1,'Auto Reorder','Auto-created PO-38 for Everflow Trading (1 item(s))','2026-05-29 11:41:47'),(687,1,'Auto Reorder','Auto-created PO-39 for Infinity Retail Hub (2 item(s))','2026-05-29 11:41:47'),(688,1,'Auto Reorder','Auto-created PO-40 for Everflow Trading (1 item(s))','2026-05-29 11:50:00'),(689,1,'Auto Reorder','Auto-created PO-41 for Infinity Retail Hub (2 item(s))','2026-05-29 11:50:00'),(690,1,'Login','Test Admin logged in as Admin','2026-05-30 05:49:00'),(691,1,'Auto Reorder','Auto-created PO-42 for Everflow Trading (1 item(s))','2026-05-30 06:15:27'),(692,1,'Auto Reorder','Auto-created PO-43 for Infinity Retail Hub (2 item(s))','2026-05-30 06:15:27'),(693,1,'Receive Order','Received/Updated PO-37 (Status: Completed)','2026-05-30 06:19:56'),(694,1,'Login','Test Admin logged in as Admin','2026-05-30 06:28:45'),(695,1,'Create Order','Created PO-44 for supplier ID: 10','2026-05-30 06:38:27'),(696,1,'Login','Test Admin logged in as Admin','2026-05-30 06:56:56'),(697,1,'Login','Test Admin logged in as Admin','2026-05-30 07:22:00'),(698,1,'Auto Reorder','Auto-created PO-45 for Everflow Trading (1 item(s))','2026-05-30 07:22:05'),(699,1,'Auto Reorder','Auto-created PO-46 for Infinity Retail Hub (2 item(s))','2026-05-30 07:22:05'),(700,1,'Receive Order','Received/Updated PO-38 (Status: Completed)','2026-05-30 07:31:05'),(701,1,'Receive Order','Received/Updated PO-40 (Status: Completed)','2026-05-30 07:32:06'),(702,1,'Login','Test Admin logged in as Admin','2026-05-30 08:01:47'),(703,1,'Delete Order','Deleted order ID: 1','2026-05-30 08:03:22'),(704,1,'Delete Order','Deleted order ID: 37','2026-05-30 08:03:53'),(705,1,'Login','Test Admin logged in as Admin','2026-05-30 08:06:09'),(706,1,'Delete Order','Deleted order ID: 22','2026-05-30 08:06:27'),(707,1,'Login','Test Admin logged in as Admin','2026-05-30 08:12:03'),(708,1,'Delete Order','Deleted order ID: 4','2026-05-30 08:12:23'),(709,1,'Login','Test Admin logged in as Admin','2026-05-30 08:16:52'),(710,1,'Delete Order','Deleted order ID: 5','2026-05-30 08:17:08'),(711,1,'Login','Test Admin logged in as Admin','2026-05-30 08:19:39'),(712,1,'Login','Test Admin logged in as Admin','2026-05-30 08:23:18'),(713,1,'Archive Order','Archived order ID: 2','2026-05-30 08:23:34'),(714,1,'Login','Test Admin logged in as Admin','2026-05-30 08:29:56'),(715,1,'Login','Test switched from Admin view to Inventory view','2026-05-30 08:35:53'),(716,1,'Login','Test switched from Inventory view to Sales view','2026-05-30 08:35:55'),(717,1,'Login','Test switched from Sales view to Admin view','2026-05-30 08:35:58'),(718,1,'Login','Test switched from Admin view to Sales view','2026-05-30 08:51:57'),(719,1,'Sale','Transaction UT-053026-0001 - Amount: ₱5855.00 - GCash','2026-05-30 08:54:11'),(720,1,'Login','Test switched from Sales view to Admin view','2026-05-30 08:55:10'),(721,1,'Login','Test switched from Admin view to Inventory view','2026-05-30 08:55:15'),(722,1,'Login','Test switched from Inventory view to Admin view','2026-05-30 09:02:12'),(723,1,'Login','Test switched from Admin view to Inventory view','2026-05-30 09:02:16'),(724,1,'Login','Test switched from Inventory view to Admin view','2026-05-30 09:02:20'),(725,1,'Login','Test switched from Admin view to Sales view','2026-05-30 09:04:32'),(726,1,'Sale','Transaction UT-053026-0002 - Amount: ₱5140.00 - Pay Later','2026-05-30 09:06:19'),(727,1,'Login','Test switched from Sales view to Inventory view','2026-05-30 09:14:17'),(728,1,'Login','Test Admin logged in as Admin','2026-05-30 10:31:46'),(729,1,'Login','Test Admin logged in as Admin','2026-05-30 10:37:10'),(730,1,'Login','Test Admin logged in as Admin','2026-05-30 10:41:06'),(731,1,'Login','Test Admin logged in as Admin','2026-05-30 11:04:23'),(732,1,'Login','Test Admin logged in as Admin','2026-05-30 11:13:16'),(733,1,'Login','Test Admin logged in as Admin','2026-05-30 11:16:00'),(734,1,'Login','Test Admin logged in as Admin','2026-05-30 11:17:43'),(735,1,'Login','Test switched from Admin view to Inventory view','2026-05-30 11:18:07'),(736,1,'Login','Test Admin logged in as Admin','2026-05-30 11:21:44'),(737,1,'Login','Test Admin logged in as Admin','2026-05-30 11:26:20'),(738,1,'Login','Test switched from Admin view to Inventory view','2026-05-30 11:32:21'),(739,1,'Login','Test Admin logged in as Admin','2026-05-30 11:33:54'),(740,1,'Login','Test Admin logged in as Admin','2026-05-30 11:36:33'),(741,1,'Create Order','Created PO-47 for supplier ID: 10','2026-05-30 11:36:51'),(742,1,'Login','Test switched from Admin view to Sales view','2026-05-30 11:40:14'),(743,1,'Sale','Transaction UT-053026-0003 - Amount: ₱48000.00 - Cash','2026-05-30 11:40:38'),(744,1,'Login','Test switched from Sales view to Admin view','2026-05-30 11:40:42'),(745,1,'Login','Test switched from Admin view to Inventory view','2026-05-30 11:41:34'),(746,1,'Login','Test switched from Inventory view to Sales view','2026-05-30 11:41:36'),(747,1,'Sale','Transaction UT-053026-0004 - Amount: ₱16500.00 - Cash','2026-05-30 11:42:27'),(748,1,'Login','Test switched from Sales view to Admin view','2026-05-30 11:42:36'),(749,1,'Login','Test Admin logged in as Admin','2026-05-30 11:43:56'),(750,1,'Login','Test switched from Admin view to Sales view','2026-05-30 11:50:52'),(751,1,'Sale','Transaction UT-053026-0005 - Amount: ₱700.00 - Pay Later','2026-05-30 11:51:21'),(752,1,'Login','Test switched from Sales view to Admin view','2026-05-30 11:51:28'),(753,1,'Login','Test switched from Admin view to Inventory view','2026-05-30 11:51:30'),(754,1,'Login','Test switched from Inventory view to Admin view','2026-05-30 11:51:32'),(755,1,'Login','Test switched from Admin view to Sales view','2026-05-30 11:52:36'),(756,1,'Payment Settled','Settled payment (Cash: ₱700.00, Digital: ₱0.00) for TXN: UT-053026-0005 (Status: Paid)','2026-05-30 11:53:01'),(757,1,'Login','Test switched from Sales view to Inventory view','2026-05-30 11:53:08'),(758,1,'Login','Test switched from Inventory view to Admin view','2026-05-30 11:53:10'),(759,1,'Login','Test Admin logged in as Admin','2026-05-30 12:07:24'),(760,1,'Login','Test Admin logged in as Admin','2026-05-30 12:15:50'),(761,1,'Login','Test Admin logged in as Admin','2026-05-30 12:18:21'),(762,1,'Login','Test Admin logged in as Admin','2026-05-30 12:24:09'),(763,1,'Edit Product','Updated Low Stock Threshold for Product 22 to 16','2026-05-30 12:26:13'),(764,1,'Login','Test switched from Admin view to Sales view','2026-05-30 12:32:23'),(765,1,'Login','Test switched from Sales view to Admin view','2026-05-30 12:34:22'),(766,1,'Login','Test switched from Admin view to Inventory view','2026-05-30 12:36:41'),(767,1,'Login','Test Admin logged in as Admin','2026-05-30 12:37:02'),(768,1,'Login','Test switched from Admin view to Inventory view','2026-05-30 12:37:45'),(769,1,'Login','Test switched from Inventory view to Admin view','2026-05-30 12:37:52'),(770,1,'Login','Test switched from Admin view to Inventory view','2026-05-30 12:38:30'),(771,1,'Login','Test switched from Inventory view to Admin view','2026-05-30 12:39:17'),(772,1,'Login','Test switched from Admin view to Sales view','2026-05-30 12:39:18'),(773,1,'Login','Test switched from Sales view to Inventory view','2026-05-30 12:39:20'),(774,1,'Login','Test switched from Inventory view to Admin view','2026-05-30 12:39:46'),(775,1,'Login','Test switched from Admin view to Inventory view','2026-05-30 12:39:47'),(776,1,'Login','Test switched from Inventory view to Admin view','2026-05-30 12:41:47'),(777,1,'Login','Test switched from Admin view to Sales view','2026-05-30 12:43:31'),(778,1,'Sale','Transaction UT-053026-0006 - Amount: ₱1560.00 - Pay Later','2026-05-30 12:44:11'),(779,1,'Login','Test switched from Sales view to Admin view','2026-05-30 12:44:19'),(780,1,'Login','Test switched from Admin view to Sales view','2026-05-30 12:44:43'),(781,1,'Payment Settled','Settled payment (Cash: ₱1560.00, Digital: ₱0.00) for TXN: UT-053026-0006 (Status: Paid)','2026-05-30 12:44:51'),(782,1,'Login','Test switched from Sales view to Admin view','2026-05-30 12:44:58'),(783,1,'Login','Test switched from Admin view to Sales view','2026-05-30 12:47:00'),(784,1,'Sale','Transaction UT-053026-0007 - Amount: ₱750.00 - Pay Later','2026-05-30 12:47:29'),(785,1,'Login','Test switched from Sales view to Admin view','2026-05-30 12:47:35'),(786,1,'Login','Test switched from Admin view to Sales view','2026-05-30 12:48:31'),(787,1,'Payment Settled','Settled payment (Cash: ₱750.00, Digital: ₱0.00) for TXN: UT-053026-0007 (Status: Paid)','2026-05-30 12:48:47'),(788,1,'Login','Test switched from Sales view to Admin view','2026-05-30 12:48:49'),(789,1,'Login','Test switched from Admin view to Sales view','2026-05-30 12:49:58'),(790,1,'Sale','Transaction UT-053026-0008 - Amount: ₱855.00 - Pay Later','2026-05-30 12:50:20'),(791,1,'Login','Test switched from Sales view to Admin view','2026-05-30 12:50:26'),(792,1,'Login','Test switched from Admin view to Inventory view','2026-05-30 12:52:52'),(793,1,'Login','Test switched from Inventory view to Sales view','2026-05-30 12:52:53'),(794,1,'Login','Test switched from Sales view to Admin view','2026-05-30 12:52:57'),(795,1,'Login','Test switched from Admin view to Sales view','2026-05-30 12:53:05'),(796,1,'Payment Settled','Settled payment (Cash: ₱855.00, Digital: ₱0.00) for TXN: UT-053026-0008 (Status: Paid)','2026-05-30 12:53:21'),(797,1,'Login','Test switched from Sales view to Admin view','2026-05-30 12:53:24'),(798,1,'Login','Test switched from Admin view to Inventory view','2026-05-30 13:01:54'),(799,1,'Login','Test switched from Inventory view to Sales view','2026-05-30 13:01:56'),(800,1,'Login','Test switched from Sales view to Admin view','2026-05-30 13:03:16'),(801,1,'Login','Test switched from Admin view to Inventory view','2026-05-30 13:03:18'),(802,1,'Login','Test switched from Inventory view to Sales view','2026-05-30 13:10:17'),(803,1,'Login','Test switched from Sales view to Admin view','2026-05-30 13:10:38'),(804,1,'Login','Test switched from Admin view to Sales view','2026-05-30 13:11:07'),(805,1,'Payment Settled','Settled payment (Cash: ₱5140.00, Digital: ₱0.00) for TXN: UT-053026-0002 (Status: Paid)','2026-05-30 13:11:30'),(806,1,'Login','Test switched from Sales view to Admin view','2026-05-30 13:11:56'),(807,1,'Login','Test switched from Admin view to Sales view','2026-05-30 13:12:25'),(808,1,'Sale','Transaction UT-053026-0009 - Amount: ₱9600.00 - Pay Later','2026-05-30 13:12:50'),(809,1,'Login','Test switched from Sales view to Admin view','2026-05-30 13:13:41'),(810,1,'Login','Test switched from Admin view to Sales view','2026-05-30 13:15:13'),(811,1,'Sale','Transaction UT-053026-0010 - Amount: ₱1200.00 - Cash','2026-05-30 13:15:31'),(812,1,'Payment Settled','Settled payment (Cash: ₱9600.00, Digital: ₱0.00) for TXN: UT-053026-0009 (Status: Paid)','2026-05-30 13:17:05'),(813,1,'Login','Test switched from Sales view to Admin view','2026-05-30 13:20:07'),(814,1,'Login','Test switched from Admin view to Sales view','2026-05-30 13:24:29'),(815,1,'Login','Test switched from Sales view to Inventory view','2026-05-30 13:26:29'),(816,1,'Login','Test switched from Inventory view to Admin view','2026-05-30 13:26:30'),(817,1,'Login','Test Admin logged in as Admin','2026-05-30 13:42:11'),(818,1,'Login','Test switched from Admin view to Sales view','2026-05-30 13:43:02'),(819,1,'Login','Test switched from Sales view to Admin view','2026-05-30 13:45:28'),(820,1,'Login','Test switched from Admin view to Sales view','2026-05-30 13:46:20'),(821,1,'Sale','Transaction UT-053026-0011 - Amount: ₱440.00 - Cash','2026-05-30 13:49:29'),(822,1,'Sale','Transaction UT-053026-0012 - Amount: ₱880.00 - Pay Later','2026-05-30 13:49:55'),(823,1,'Login','Test switched from Sales view to Admin view','2026-05-30 13:50:25'),(824,1,'Login','Test switched from Admin view to Sales view','2026-05-30 13:53:04'),(825,1,'Login','Test switched from Sales view to Admin view','2026-05-30 13:54:13'),(826,1,'Login','Test switched from Admin view to Sales view','2026-05-30 13:54:33'),(827,1,'Login','Test switched from Sales view to Inventory view','2026-05-30 13:54:55'),(828,1,'Login','Test switched from Inventory view to Admin view','2026-05-30 13:56:34'),(829,1,'Login','Test switched from Admin view to Inventory view','2026-05-30 13:56:36'),(830,1,'Login','Test switched from Inventory view to Sales view','2026-05-30 13:56:37'),(831,1,'Login','Test Admin logged in as Admin','2026-05-30 13:57:50'),(832,1,'Login','Test switched from Admin view to Sales view','2026-05-30 13:57:58'),(833,1,'Login','Test switched from Sales view to Admin view','2026-05-30 14:07:10'),(834,1,'Login','Test switched from Admin view to Sales view','2026-05-30 14:07:29'),(835,1,'Login','Test switched from Sales view to Admin view','2026-05-30 14:19:34'),(836,1,'Login','Test switched from Admin view to Sales view','2026-05-30 14:19:39'),(837,1,'Payment Settled','Settled payment (Cash: ₱880.00, Digital: ₱0.00) for TXN: UT-053026-0012 (Status: Paid)','2026-05-30 14:22:52'),(838,1,'Login','Test switched from Sales view to Admin view','2026-05-30 14:37:02'),(839,1,'Login','Test switched from Admin view to Sales view','2026-05-30 14:37:05'),(840,1,'Login','Test switched from Sales view to Inventory view','2026-05-30 14:37:07'),(841,1,'Login','Test switched from Inventory view to Sales view','2026-05-30 14:37:10'),(842,1,'Login','Test switched from Sales view to Inventory view','2026-05-30 14:37:41'),(843,1,'Login','Test switched from Inventory view to Admin view','2026-05-30 14:37:51'),(844,1,'Login','Test switched from Admin view to Sales view','2026-05-30 14:38:28'),(845,1,'Login','Test switched from Sales view to Inventory view','2026-05-30 14:42:26'),(846,1,'Login','Test switched from Inventory view to Sales view','2026-05-30 15:04:34'),(847,1,'Login','Test switched from Sales view to Admin view','2026-05-30 15:05:05'),(848,1,'Login','Test switched from Admin view to Sales view','2026-05-30 15:36:45'),(849,1,'Sale','Transaction UT-053026-0013 - Amount: ₱6725.00 - Bank Transfer','2026-05-30 15:37:29'),(850,1,'Sale','Transaction UT-053026-0014 - Amount: ₱1502.00 - Pay Later','2026-05-30 15:52:55'),(851,1,'Sale','Transaction UT-053026-0015 - Amount: ₱3784.00 - Pay Later','2026-05-30 15:57:30'),(852,1,'Login','Test Admin logged in as Admin','2026-05-30 16:19:39'),(853,1,'Receive Order','Received/Updated PO-44 (Status: Partially Completed)','2026-05-30 16:23:29'),(854,1,'Login','Test switched from Admin view to Sales view','2026-05-30 16:29:42'),(855,1,'Sale','Transaction UT-053026-0016 - Amount: ₱665.00 - Pay Later','2026-05-30 16:31:57'),(856,1,'Payment Settled','Settled Installment of ₱221.66 for TXN: UT-053026-0016 (Status: Partial)','2026-05-30 16:33:40'),(857,1,'Login','Test switched from Sales view to Inventory view','2026-05-30 16:34:55'),(858,1,'Login','Test switched from Inventory view to Admin view','2026-05-30 16:34:59'),(859,1,'Logout','Test logged out','2026-05-30 16:37:06'),(860,1,'Login','Test Admin logged in as Admin','2026-05-30 21:54:47'),(861,1,'Login','Test Admin logged in as Admin','2026-05-30 21:58:17'),(862,1,'Login','Test Admin logged in as Admin','2026-05-30 22:30:10'),(863,1,'Create Order','Created PO-48 for supplier ID: 10','2026-05-30 22:39:27'),(864,1,'Receive Order','Received/Updated PO-44 (Status: Completed)','2026-05-30 22:41:39'),(865,1,'Receive Order','Received/Updated PO-43 (Status: Partially Completed)','2026-05-30 22:44:49'),(866,1,'Receive Order','Received/Updated PO-42 (Status: Partially Completed)','2026-05-30 22:45:07'),(867,1,'Receive Order','Received/Updated PO-42 (Status: Partially Completed)','2026-05-30 22:45:27'),(868,1,'Login','Test switched from Admin view to Sales view','2026-05-30 22:50:05'),(869,1,'Login','Test switched from Sales view to Admin view','2026-05-30 22:52:32'),(870,1,'Create User','Created user: abcdef (SalesStaff,InventoryStaff)','2026-05-30 22:53:59'),(871,1,'Login','Test switched from Admin view to Sales view','2026-05-30 22:55:43'),(872,1,'Login','Test switched from Sales view to Admin view','2026-05-30 22:57:13'),(873,1,'Login','Test switched from Admin view to Inventory view','2026-05-30 22:58:38'),(874,1,'Login','Test switched from Inventory view to Sales view','2026-05-30 23:34:05'),(875,1,'Login','Test switched from Sales view to Inventory view','2026-05-30 23:45:31'),(876,1,'Login','Test switched from Inventory view to Sales view','2026-05-30 23:50:18'),(877,1,'Login','Test switched from Sales view to Inventory view','2026-05-30 23:50:19'),(878,1,'Login','Test Admin logged in as Admin','2026-05-31 03:22:32'),(879,1,'Login','Test switched from Admin view to Sales view','2026-05-31 03:22:35'),(880,1,'Sale','Transaction UT-053126-0001 - Amount: ₱3503.00 - Cash','2026-05-31 03:22:58'),(881,1,'Login','Test Admin logged in as Admin','2026-05-31 04:05:00'),(882,1,'Login','Test switched from Admin view to Sales view','2026-05-31 04:05:05'),(883,1,'Sale','Transaction UT-053126-0002 - Amount: ₱6400.00 - Pay Later','2026-05-31 04:05:42'),(884,1,'Login','Test Admin logged in as Admin','2026-05-31 20:34:59'),(885,1,'Login','Test switched from Admin view to Sales view','2026-05-31 20:42:04'),(886,1,'Login','Test switched from Sales view to Inventory view','2026-05-31 20:51:37'),(887,1,'Login','Test switched from Inventory view to Admin view','2026-05-31 20:51:46'),(888,1,'Login','Test switched from Admin view to Sales view','2026-05-31 21:17:38'),(889,1,'Login','Test Admin logged in as Admin','2026-05-31 21:21:20'),(890,1,'Login','Test switched from Admin view to Sales view','2026-05-31 21:23:01'),(891,1,'Login','Test Admin logged in as Admin','2026-05-31 22:59:36'),(892,1,'Login','Test switched from Admin view to Sales view','2026-05-31 22:59:39'),(893,1,'Login','Test Admin logged in as Admin','2026-05-31 23:11:43'),(894,1,'Login','Test Admin logged in as Admin','2026-05-31 23:23:10'),(895,1,'Login','Test Admin logged in as Admin','2026-05-31 23:28:41'),(896,1,'Login','Test Admin logged in as Admin','2026-05-31 23:37:31'),(897,1,'Login','Test switched from Admin view to Inventory view','2026-05-31 23:37:47'),(898,1,'Login','Test switched from Inventory view to Admin view','2026-05-31 23:37:52'),(899,1,'Restore Backup','Restored backup: backup_2026-05-31T15-38-00-282Z.sql','2026-06-01 01:08:59'),(900,1,'Restore Backup','Restored backup: incremental_2026-05-30T14-30-00-145Z.sql','2026-06-01 01:10:35'),(901,1,'Login','Test Admin logged in as Admin','2026-06-01 09:31:41'),(902,1,'Restore Backup','Restored backup: backup_2026-06-01T01-33-46-359Z.sql','2026-06-01 09:33:55'),(903,1,'Archive Order','Archived order ID: 6','2026-06-01 09:47:57'),(904,1,'Login','Test switched from Admin view to Sales view','2026-06-01 10:04:09'),(905,1,'Payment Settled','Settled payment (Cash: ₱300.00, Digital: ₱0.00) for TXN: UT-052926-0004 (Status: Paid)','2026-06-01 10:04:20'),(906,1,'Login','Test switched from Sales view to Admin view','2026-06-01 10:04:31'),(907,1,'Login','Test Admin logged in as Admin','2026-06-01 10:11:29'),(908,1,'Login','Test switched from Admin view to Sales view','2026-06-01 10:11:52'),(909,1,'Login','Test switched from Sales view to Admin view','2026-06-01 10:11:58'),(910,1,'Receive Order','Received/Updated PO-45 (Status: Completed)','2026-06-01 10:15:01'),(911,1,'Login','Test Admin logged in as Admin','2026-06-01 10:29:52'),(912,1,'Login','Test Admin logged in as Admin','2026-06-01 11:35:21'),(913,1,'Login','Test switched from Admin view to Sales view','2026-06-01 11:46:52'),(914,1,'Login','Test Admin logged in as Admin','2026-06-01 11:50:29'),(915,1,'Login','Test switched from Admin view to Sales view','2026-06-01 11:51:36'),(916,1,'Login','Test Admin logged in as Admin','2026-06-01 14:52:49'),(917,1,'Login','Test switched from Admin view to Sales view','2026-06-01 14:56:59'),(918,1,'Login','Test Admin logged in as Admin','2026-06-01 15:05:33'),(919,1,'Login','Test Admin logged in as Admin','2026-06-01 18:39:33'),(920,1,'Login','Test switched from Admin view to Inventory view','2026-06-01 18:40:15'),(921,1,'Login','Test switched from Inventory view to Sales view','2026-06-01 18:40:17'),(922,1,'Sale','Transaction UT-060126-0001 - Amount: ₱2250.00 - Cash','2026-06-01 18:40:31'),(923,1,'Login','Test switched from Sales view to Admin view','2026-06-01 18:40:57'),(924,1,'Login','Test Admin logged in as Admin','2026-06-01 18:45:31'),(925,1,'Login','Test switched from Admin view to Sales view','2026-06-01 18:45:35'),(926,1,'Login','Test switched from Sales view to Admin view','2026-06-01 18:46:24'),(927,1,'Login','Test Admin logged in as Admin','2026-06-01 20:02:33'),(928,1,'Login','Test Admin logged in as Admin','2026-06-01 20:04:14'),(929,1,'Login','Test switched from Admin view to Inventory view','2026-06-01 20:04:23'),(930,1,'Login','Test switched from Inventory view to Sales view','2026-06-01 20:04:24'),(931,1,'Login','Test switched from Sales view to Admin view','2026-06-01 20:04:26'),(932,1,'Logout','Test logged out','2026-06-01 20:04:34'),(933,10,'Login','aaa aaa logged in as Sales','2026-06-01 20:04:36'),(934,10,'Logout','aaa logged out','2026-06-01 20:04:39'),(935,14,'Login','abc def logged in as Sales','2026-06-01 20:04:44'),(936,14,'Login','abc switched from Sales view to Inventory view','2026-06-01 20:04:49'),(937,14,'Logout','abc logged out','2026-06-01 20:04:51'),(938,1,'Login','Test Admin logged in as Admin','2026-06-01 21:33:21'),(939,1,'Login','Test switched from Admin view to Inventory view','2026-06-01 21:33:32'),(940,1,'Login','Test switched from Inventory view to Sales view','2026-06-01 21:33:34'),(941,1,'Login','Test switched from Sales view to Admin view','2026-06-01 21:33:36'),(942,1,'Login','Test switched from Admin view to Sales view','2026-06-01 21:34:46'),(943,1,'Login','Test switched from Sales view to Inventory view','2026-06-01 21:37:38'),(944,1,'Login','Test switched from Inventory view to Admin view','2026-06-01 21:37:45'),(945,1,'Login','Test switched from Admin view to Sales view','2026-06-01 23:12:50'),(946,1,'Login','Test Admin logged in as Admin','2026-06-01 23:34:41'),(947,1,'Login','Test Admin logged in as Admin','2026-06-02 09:00:47'),(948,1,'Login','Test Admin logged in as Admin','2026-06-02 12:31:57'),(949,1,'Login','Test switched from Admin view to Inventory view','2026-06-02 13:39:33'),(950,1,'Create Order','Created PO-49 for supplier ID: 10','2026-06-02 17:19:22'),(951,1,'Archive Order','Archived order ID: 13','2026-06-02 17:36:08'),(952,1,'Receive Order','Received/Updated PO-49 (Status: Completed)','2026-06-02 17:38:51'),(953,1,'Create Order','Created PO-50 for supplier ID: 14','2026-06-02 17:39:18'),(954,1,'Login','Test Admin logged in as Admin','2026-06-02 17:54:02'),(955,1,'Login','Test Admin logged in as Admin','2026-06-02 17:58:27'),(956,1,'Archive Order','Archived order ID: 44','2026-06-02 18:09:18'),(957,1,'Login','Test Admin logged in as Admin','2026-06-02 18:19:25'),(958,1,'Login','Test Admin logged in as Admin','2026-06-02 19:13:28'),(959,1,'Login','Test Admin logged in as Admin','2026-06-02 21:36:47'),(960,1,'Login','Test switched from Admin view to Inventory view','2026-06-02 21:36:50'),(961,1,'Login','Test switched from Inventory view to Sales view','2026-06-02 21:36:52'),(962,1,'Login','Test switched from Sales view to Admin view','2026-06-02 21:36:54'),(963,1,'Login','Test Admin logged in as Admin','2026-06-02 21:46:25'),(964,1,'Login','Test switched from Admin view to Sales view','2026-06-02 22:02:49'),(965,1,'Login','Test switched from Sales view to Admin view','2026-06-02 22:07:21'),(966,1,'Login','Test Admin logged in as Admin','2026-06-02 22:17:51'),(967,1,'Login','Test Admin logged in as Admin','2026-06-02 22:19:42'),(968,1,'Login','Test switched from Admin view to Inventory view','2026-06-02 22:21:50'),(969,1,'Login','Test switched from Inventory view to Admin view','2026-06-02 22:23:02'),(970,1,'Login','Test Admin logged in as Admin','2026-06-02 22:42:01'),(971,1,'Create User','Created user: ddd (SalesStaff)','2026-06-02 22:42:24'),(972,1,'Archive User','Archived user ID: 15','2026-06-02 22:42:39'),(973,1,'Login','Test switched from Admin view to Sales view','2026-06-03 00:29:26'),(974,1,'Login','Test switched from Sales view to Inventory view','2026-06-03 00:29:27'),(975,1,'Login','Test Admin logged in as Admin','2026-06-03 08:25:44'),(976,1,'Login','Test switched from Admin view to Inventory view','2026-06-03 08:26:42'),(977,1,'Login','Test switched from Inventory view to Sales view','2026-06-03 08:26:44'),(978,1,'Sale','Transaction UT-060326-0001 - Amount: ₱1830.00 - Cash','2026-06-03 08:28:23'),(979,1,'Login','Test Admin logged in as Admin','2026-06-03 08:36:10'),(980,1,'Login','Test Admin logged in as Admin','2026-06-03 08:48:09'),(981,1,'Edit User','Updated user: ccc (SalesStaff)','2026-06-03 08:48:51'),(982,1,'Edit User','Updated user: sales (SalesStaff)','2026-06-03 08:49:06'),(983,1,'Archive User','Archived user ID: 10','2026-06-03 08:49:15'),(984,1,'Edit User','Updated user: inventory (InventoryStaff)','2026-06-03 08:49:33'),(988,1,'Edit Product','Updated Low Stock Threshold for Product 19 to 8','2026-06-03 09:29:54'),(989,1,'Edit Product','Updated Low Stock Threshold for Product 21 to 11','2026-06-03 09:30:10'),(990,1,'Login','Test switched from Admin view to Sales view','2026-06-03 09:30:31'),(991,1,'Login','Test switched from Sales view to Admin view','2026-06-03 09:31:00'),(994,1,'Login','Test switched from Admin view to Sales view','2026-06-03 09:33:18'),(995,1,'Login','Test switched from Sales view to Admin view','2026-06-03 09:33:35'),(996,1,'Login','Test Admin logged in as Admin','2026-06-03 09:37:34'),(997,1,'Login','Test switched from Admin view to Sales view','2026-06-03 09:38:38'),(998,1,'Sale','Transaction UT-060326-0002 - Amount: ₱880.00 - Cash','2026-06-03 09:38:56'),(999,1,'Login','Test switched from Sales view to Inventory view','2026-06-03 09:39:17'),(1000,1,'Login','Test switched from Inventory view to Sales view','2026-06-03 09:39:18'),(1001,1,'Login','Test switched from Sales view to Admin view','2026-06-03 09:39:19'),(1002,1,'Edit Product','Updated Low Stock Threshold for Product 7 to 25','2026-06-03 09:39:51'),(1003,1,'Login','Test switched from Admin view to Sales view','2026-06-03 09:39:57'),(1004,1,'Sale','Transaction UT-060326-0003 - Amount: ₱488.00 - Cash','2026-06-03 09:40:08'),(1005,1,'Login','Test switched from Sales view to Inventory view','2026-06-03 09:40:11'),(1006,1,'Login','Test switched from Inventory view to Admin view','2026-06-03 09:40:12'),(1007,1,'Login','Test switched from Admin view to Sales view','2026-06-03 10:24:39'),(1008,1,'Sale','Transaction UT-060326-0004 - Amount: ₱8950.00 - Cash','2026-06-03 10:36:05'),(1009,1,'Login','Test switched from Sales view to Admin view','2026-06-03 10:36:09'),(1010,1,'Login','Test switched from Admin view to Sales view','2026-06-03 10:39:50'),(1011,1,'Sale','Transaction UT-060326-0005 - Amount: ₱5852.00 - Cash','2026-06-03 10:41:52'),(1012,1,'Login','Test Admin logged in as Admin','2026-06-03 11:17:38'),(1013,1,'Login','Test switched from Admin view to Inventory view','2026-06-03 11:17:57'),(1014,1,'Login','Test switched from Inventory view to Sales view','2026-06-03 11:17:58'),(1015,1,'Login','Test switched from Sales view to Inventory view','2026-06-03 11:18:00'),(1016,1,'Login','Test Admin logged in as Admin','2026-06-03 18:17:10'),(1017,1,'Logout','Test logged out','2026-06-03 18:17:13'),(1018,1,'Login','Test Admin logged in as Admin','2026-06-03 18:24:05'),(1019,1,'Logout','Test logged out','2026-06-03 18:27:12'),(1020,1,'Login','Test Admin logged in as Admin','2026-06-03 18:27:34'),(1021,1,'Create Order','Created PO-51 for supplier ID: 10','2026-06-03 18:28:59'),(1022,1,'Receive Order','Received/Updated PO-43 (Status: Partially Completed)','2026-06-03 18:30:13'),(1023,1,'Logout','Test logged out','2026-06-03 18:31:10'),(1024,1,'Login','Test Admin logged in as Admin','2026-06-03 18:31:23'),(1025,1,'Edit User','Updated user: inventory (InventoryStaff)','2026-06-03 18:31:36'),(1026,1,'Logout','Test logged out','2026-06-03 18:31:40'),(1027,9,'Login','bbb bbb logged in as Inventory','2026-06-03 18:31:51'),(1028,9,'Logout','bbb logged out','2026-06-03 18:32:15'),(1029,1,'Login','Test Admin logged in as Admin','2026-06-03 18:32:18'),(1030,1,'Login','Test switched from Admin view to Sales view','2026-06-03 18:32:21'),(1031,1,'Sale','Transaction UT-060326-0006 - Amount: ₱2596.00 - Cash','2026-06-03 18:33:00'),(1032,1,'Login','Test switched from Sales view to Admin view','2026-06-03 18:34:38'),(1033,1,'Login','Test switched from Admin view to Sales view','2026-06-03 18:39:25'),(1034,1,'Login','Test switched from Sales view to Admin view','2026-06-03 18:39:31'),(1035,1,'Login','Test switched from Admin view to Inventory view','2026-06-03 18:39:33'),(1036,1,'Login','Test switched from Inventory view to Sales view','2026-06-03 18:39:35'),(1037,1,'Logout','Test logged out','2026-06-03 18:43:42'),(1038,1,'Login','Test Admin logged in as Admin','2026-06-03 18:45:37'),(1039,1,'Login','Test switched from Admin view to Sales view','2026-06-03 18:47:07'),(1040,1,'Login','Test switched from Sales view to Admin view','2026-06-03 18:47:10'),(1041,1,'Receive Order','Received/Updated PO-50 (Status: Completed)','2026-06-03 18:52:31'),(1042,1,'Login','Test switched from Admin view to Inventory view','2026-06-03 18:54:15'),(1043,1,'Login','Test switched from Inventory view to Admin view','2026-06-03 19:06:04'),(1044,1,'Logout','Test logged out','2026-06-03 19:08:19'),(1045,1,'Login','Test Admin logged in as Admin','2026-06-03 19:09:45'),(1046,1,'Login','Test switched from Admin view to Sales view','2026-06-03 19:11:02'),(1047,1,'Login','Test switched from Sales view to Admin view','2026-06-03 19:11:57'),(1048,1,'Login','Test switched from Admin view to Sales view','2026-06-03 19:12:34'),(1049,1,'Login','Test switched from Sales view to Admin view','2026-06-03 19:13:25'),(1050,1,'Logout','Test logged out','2026-06-03 19:13:37'),(1051,9,'Login','bbb bbb logged in as Inventory','2026-06-03 19:13:52'),(1052,9,'Logout','bbb logged out','2026-06-03 19:14:56'),(1053,1,'Login','Test Admin logged in as Admin','2026-06-03 19:14:59'),(1054,1,'Edit User','Updated user: sales (SalesStaff)','2026-06-03 19:15:10'),(1055,1,'Logout','Test logged out','2026-06-03 19:15:14'),(1056,13,'Login','ccc ccc logged in as Sales','2026-06-03 19:15:18'),(1057,13,'Logout','ccc logged out','2026-06-03 19:16:38'),(1058,9,'Login','bbb bbb logged in as Inventory','2026-06-03 19:16:44'),(1059,9,'Logout','bbb logged out','2026-06-03 19:23:50'),(1060,1,'Login','Test Admin logged in as Admin','2026-06-04 08:32:30'),(1061,1,'Login','Test Admin logged in as Admin','2026-06-04 08:39:33'),(1062,1,'Create Order','Created PO-52 for supplier ID: 10','2026-06-04 08:40:59'),(1063,1,'Login','Test Admin logged in as Admin','2026-06-04 08:51:31'),(1064,1,'Login','Test Admin logged in as Admin','2026-06-04 08:58:32'),(1065,1,'Create Order','Created PO-53 for supplier ID: 10','2026-06-04 09:00:09'),(1066,1,'Login','Test Admin logged in as Admin','2026-06-04 09:13:59'),(1067,1,'Login','Test Admin logged in as Admin','2026-06-04 09:21:52'),(1068,1,'Login','Test switched from Admin view to Sales view','2026-06-04 10:30:47'),(1069,1,'Login','Test Admin logged in as Admin','2026-06-04 16:41:36'),(1070,1,'Login','Test Admin logged in as Admin','2026-06-05 08:52:00'),(1071,1,'Login','Test Admin logged in as Admin','2026-06-05 15:33:24'),(1072,1,'Login','Test switched from Admin view to Sales view','2026-06-05 15:33:54'),(1073,1,'Sale','Transaction UT-060526-0001 - Amount: ₱19020.00 - E-wallet','2026-06-05 15:35:55'),(1074,1,'Login','Test Admin logged in as Admin','2026-06-05 15:53:31'),(1075,1,'Login','Test switched from Admin view to Sales view','2026-06-05 15:53:35'),(1076,1,'Login','Test Admin logged in as Admin','2026-06-06 06:59:09'),(1077,1,'Login','Test Admin logged in as Admin','2026-06-06 06:59:09'),(1078,1,'Login','Test switched from Admin view to Sales view','2026-06-06 07:02:37'),(1079,1,'Sale','Transaction UT-060626-0001 - Amount: ₱12819.00 - Pay Later','2026-06-06 07:05:27'),(1080,1,'Sale','Transaction UT-060626-0002 - Amount: ₱22875.00 - Pay Later','2026-06-06 07:09:58'),(1081,1,'Login','Test switched from Sales view to Inventory view','2026-06-06 07:13:17'),(1082,1,'Login','Test switched from Inventory view to Admin view','2026-06-06 07:13:24'),(1083,1,'Login','Test Admin logged in as Admin','2026-06-06 07:24:53'),(1084,1,'Login','Test Admin logged in as Admin','2026-06-06 10:18:37'),(1085,1,'Edit User','Updated user: admin (Admin,SalesStaff,InventoryStaff)','2026-06-06 10:19:49'),(1086,1,'Logout','Test logged out','2026-06-06 10:19:53'),(1087,1,'Login','Test Admin logged in as Admin','2026-06-06 10:22:43'),(1088,1,'Create User','Created user: admin1 (Admin)','2026-06-06 10:24:28'),(1089,1,'Logout','Test logged out','2026-06-06 10:24:50'),(1090,1,'Reset Password','Password reset via security question for user: admin','2026-06-06 10:26:34'),(1091,1,'Login','Test Admin logged in as Admin','2026-06-06 10:30:42'),(1092,1,'Edit User','Updated user: admin1 (Admin)','2026-06-06 10:31:09'),(1093,1,'Logout','Test logged out','2026-06-06 10:34:52'),(1094,1,'Login','Test Admin logged in as Admin','2026-06-06 13:25:18'),(1095,1,'Login','Test switched from Admin view to Sales view','2026-06-06 13:33:22'),(1096,1,'Login','Test switched from Sales view to Admin view','2026-06-06 13:33:42'),(1097,1,'Login','Test switched from Admin view to Sales view','2026-06-06 13:36:20'),(1098,1,'Login','Test Admin logged in as Admin','2026-06-07 12:44:43'),(1099,1,'Logout','Test logged out','2026-06-07 12:48:29'),(1100,1,'Login','Test Admin logged in as Admin','2026-06-07 15:01:39'),(1101,1,'Login','Test switched from Admin view to Inventory view','2026-06-07 15:02:08'),(1102,1,'Login','Test switched from Inventory view to Sales view','2026-06-07 15:02:08'),(1103,1,'Login','Test switched from Sales view to Admin view','2026-06-07 15:02:15');
/*!40000 ALTER TABLE `activity_log` ENABLE KEYS */;
UNLOCK TABLES;

--
-- Table structure for table `backup`
--

DROP TABLE IF EXISTS `backup`;
/*!40101 SET @saved_cs_client     = @@character_set_client */;
/*!50503 SET character_set_client = utf8mb4 */;
CREATE TABLE `backup` (
  `backupID` int NOT NULL AUTO_INCREMENT,
  `userID` int NOT NULL,
  `backupDate` datetime NOT NULL,
  `fileName` varchar(100) NOT NULL,
  `backupType` enum('Manual','Scheduled','Incremental') NOT NULL,
  PRIMARY KEY (`backupID`),
  KEY `userID` (`userID`),
  CONSTRAINT `backup_ibfk_1` FOREIGN KEY (`userID`) REFERENCES `users` (`userID`)
) ENGINE=InnoDB AUTO_INCREMENT=144 DEFAULT CHARSET=utf8mb4 COLLATE=utf8mb4_0900_ai_ci;
/*!40101 SET character_set_client = @saved_cs_client */;

--
-- Dumping data for table `backup`
--

LOCK TABLES `backup` WRITE;
/*!40000 ALTER TABLE `backup` DISABLE KEYS */;
INSERT INTO `backup` VALUES (68,1,'2026-05-29 11:30:00','incremental_2026-05-29T03-30-00-132Z.sql','Incremental'),(69,1,'2026-05-29 11:30:00','incremental_2026-05-29T03-30-00-146Z.sql','Incremental'),(70,1,'2026-05-30 06:30:00','incremental_2026-05-29T22-30-00-121Z.sql','Incremental'),(71,1,'2026-05-30 07:30:00','incremental_2026-05-29T23-30-00-118Z.sql','Incremental'),(72,1,'2026-05-30 08:30:00','incremental_2026-05-30T00-30-00-074Z.sql','Incremental'),(73,1,'2026-05-30 09:30:00','incremental_2026-05-30T01-30-00-062Z.sql','Incremental'),(74,1,'2026-05-30 10:30:00','incremental_2026-05-30T02-30-00-072Z.sql','Incremental'),(75,1,'2026-05-30 11:30:00','incremental_2026-05-30T03-30-00-072Z.sql','Incremental'),(76,1,'2026-05-30 11:30:00','incremental_2026-05-30T03-30-00-065Z.sql','Incremental'),(77,1,'2026-05-30 12:30:00','incremental_2026-05-30T04-30-00-073Z.sql','Incremental'),(78,1,'2026-05-30 12:30:00','incremental_2026-05-30T04-30-00-067Z.sql','Incremental'),(79,1,'2026-05-30 13:30:00','incremental_2026-05-30T05-30-00-074Z.sql','Incremental'),(80,1,'2026-05-30 13:30:00','incremental_2026-05-30T05-30-00-067Z.sql','Incremental'),(81,1,'2026-05-30 14:30:00','incremental_2026-05-30T06-30-00-055Z.sql','Incremental'),(82,1,'2026-05-30 14:30:00','incremental_2026-05-30T06-30-00-085Z.sql','Incremental'),(83,1,'2026-05-30 15:30:00','incremental_2026-05-30T07-30-00-067Z.sql','Incremental'),(84,1,'2026-05-30 15:30:00','incremental_2026-05-30T07-30-00-051Z.sql','Incremental'),(85,1,'2026-05-30 16:30:00','incremental_2026-05-30T08-30-00-108Z.sql','Incremental'),(86,1,'2026-05-30 16:30:00','incremental_2026-05-30T08-30-00-125Z.sql','Incremental'),(87,1,'2026-05-30 22:30:00','incremental_2026-05-30T14-30-00-098Z.sql','Incremental'),(88,1,'2026-05-30 22:30:00','incremental_2026-05-30T14-30-00-145Z.sql','Incremental'),(92,1,'2026-05-31 22:30:00','incremental_2026-05-31T14-30-00-072Z.sql','Incremental'),(93,1,'2026-05-31 23:28:51','backup_2026-05-31T15-28-51-455Z.sql','Manual'),(94,1,'2026-05-31 23:30:00','incremental_2026-05-31T15-30-00-062Z.sql','Incremental'),(95,1,'2026-05-31 23:37:42','backup_2026-05-31T15-37-41-789Z.sql','Manual'),(97,1,'2026-06-01 10:30:00','inc_backup_2026-06-01T02-30-00-017Z.sql','Incremental'),(98,1,'2026-06-01 11:30:00','inc_backup_2026-06-01T03-30-00-056Z.sql','Incremental'),(99,1,'2026-06-01 15:30:00','incremental_backup_2026-06-01T07-30-00-028Z.sql','Incremental'),(100,1,'2026-06-01 16:30:00','incremental_backup_2026-06-01T08-30-00-020Z.sql','Incremental'),(101,1,'2026-06-01 17:30:00','incremental_backup_2026-06-01T09-30-00-025Z.sql','Incremental'),(102,1,'2026-06-01 18:30:00','incremental_backup_2026-06-01T10-30-00-040Z.sql','Incremental'),(103,1,'2026-06-01 22:30:00','incremental_backup_2026-06-01T14-30-00-520Z.sql','Incremental'),(104,1,'2026-06-01 23:30:00','incremental_backup_2026-06-01T15-30-00-119Z.sql','Incremental'),(105,1,'2026-06-02 00:00:00','backup_2026-06-01T16-00-00-033Z.sql','Scheduled'),(106,1,'2026-06-02 00:30:00','incremental_backup_2026-06-01T16-30-00-023Z.sql','Incremental'),(107,1,'2026-06-02 08:30:00','incremental_backup_2026-06-02T00-30-00-043Z.sql','Incremental'),(108,1,'2026-06-02 09:30:00','incremental_backup_2026-06-02T01-30-00-051Z.sql','Incremental'),(109,1,'2026-06-02 11:30:00','incremental_backup_2026-06-02T03-30-00-033Z.sql','Incremental'),(110,1,'2026-06-02 13:30:00','incremental_backup_2026-06-02T05-30-00-059Z.sql','Incremental'),(111,1,'2026-06-02 14:30:00','incremental_backup_2026-06-02T06-30-00-024Z.sql','Incremental'),(112,1,'2026-06-02 15:30:00','incremental_backup_2026-06-02T07-30-00-027Z.sql','Incremental'),(113,1,'2026-06-02 16:30:00','incremental_backup_2026-06-02T08-30-00-046Z.sql','Incremental'),(114,1,'2026-06-02 17:30:00','incremental_backup_2026-06-02T09-30-00-021Z.sql','Incremental'),(115,1,'2026-06-02 18:30:00','incremental_backup_2026-06-02T10-30-00-029Z.sql','Incremental'),(116,1,'2026-06-02 19:30:00','incremental_backup_2026-06-02T11-30-00-022Z.sql','Incremental'),(117,1,'2026-06-02 20:30:00','incremental_backup_2026-06-02T12-30-00-026Z.sql','Incremental'),(118,1,'2026-06-02 21:30:00','incremental_backup_2026-06-02T13-30-00-030Z.sql','Incremental'),(119,1,'2026-06-02 22:30:00','incremental_backup_2026-06-02T14-30-00-049Z.sql','Incremental'),(120,1,'2026-06-02 23:30:00','incremental_backup_2026-06-02T15-30-00-039Z.sql','Incremental'),(121,1,'2026-06-03 00:00:00','backup_2026-06-02T16-00-00-027Z.sql','Scheduled'),(122,1,'2026-06-03 00:30:00','incremental_backup_2026-06-02T16-30-00-028Z.sql','Incremental'),(123,1,'2026-06-03 08:30:00','incremental_backup_2026-06-03T00-30-00-043Z.sql','Incremental'),(124,1,'2026-06-03 09:30:00','incremental_backup_2026-06-03T01-30-00-049Z.sql','Incremental'),(125,1,'2026-06-03 11:30:00','incremental_backup_2026-06-03T03-30-00-037Z.sql','Incremental'),(126,1,'2026-06-03 12:30:00','incremental_backup_2026-06-03T04-30-00-369Z.sql','Incremental'),(127,1,'2026-06-03 13:30:00','incremental_backup_2026-06-03T05-30-00-073Z.sql','Incremental'),(128,1,'2026-06-03 18:30:00','incremental_backup_2026-06-03T10-30-00-032Z.sql','Incremental'),(129,1,'2026-06-03 18:30:52','backup_2026-06-03T10-30-51-816Z.sql','Manual'),(130,1,'2026-06-04 08:30:00','incremental_backup_2026-06-04T00-30-00-060Z.sql','Incremental'),(131,1,'2026-06-04 09:30:00','incremental_backup_2026-06-04T01-30-00-113Z.sql','Incremental'),(132,1,'2026-06-04 10:16:04','backup_2026-06-04T02-16-03-435Z.sql','Manual'),(133,1,'2026-06-04 10:30:00','incremental_backup_2026-06-04T02-30-00-033Z.sql','Incremental'),(135,1,'2026-06-05 08:52:12','backup_2026-06-05T00-52-12-490Z.sql','Manual'),(136,1,'2026-06-05 09:30:00','incremental_backup_2026-06-05T01-30-00-071Z.sql','Incremental'),(137,1,'2026-06-05 10:30:00','incremental_backup_2026-06-05T02-30-00-096Z.sql','Incremental'),(138,1,'2026-06-05 11:30:00','incremental_backup_2026-06-05T03-30-00-057Z.sql','Incremental'),(139,1,'2026-06-05 16:30:00','incremental_backup_2026-06-05T08-30-00-066Z.sql','Incremental'),(140,1,'2026-06-06 10:30:00','incremental_backup_2026-06-06T02-30-00-023Z.sql','Incremental'),(141,1,'2026-06-06 10:30:00','incremental_backup_2026-06-06T02-30-00-047Z.sql','Incremental'),(142,1,'2026-06-06 13:30:00','incremental_backup_2026-06-06T05-30-00-078Z.sql','Incremental'),(143,1,'2026-06-07 13:30:00','incremental_backup_2026-06-07T05-30-00-048Z.sql','Incremental');
/*!40000 ALTER TABLE `backup` ENABLE KEYS */;
UNLOCK TABLES;

--
-- Table structure for table `inventory_record`
--

DROP TABLE IF EXISTS `inventory_record`;
/*!40101 SET @saved_cs_client     = @@character_set_client */;
/*!50503 SET character_set_client = utf8mb4 */;
CREATE TABLE `inventory_record` (
  `inventoryID` int NOT NULL AUTO_INCREMENT,
  `userID` int NOT NULL,
  `productID` int DEFAULT NULL,
  `supplierID` int DEFAULT NULL,
  `actionType` enum('Add','Edit','Archive','Supplier Add','Supplier Edit','Supplier Archive','Damaged goods','Lost / Stolen','Inventory count correction','Stock Adjustment') NOT NULL,
  `quantityChange` int NOT NULL,
  `details` varchar(500) DEFAULT NULL,
  `inventoryDate` datetime NOT NULL,
  PRIMARY KEY (`inventoryID`),
  KEY `userID` (`userID`),
  KEY `productID` (`productID`),
  KEY `supplierID` (`supplierID`),
  CONSTRAINT `inventory_record_ibfk_1` FOREIGN KEY (`userID`) REFERENCES `users` (`userID`),
  CONSTRAINT `inventory_record_ibfk_2` FOREIGN KEY (`productID`) REFERENCES `product` (`productID`),
  CONSTRAINT `inventory_record_ibfk_3` FOREIGN KEY (`supplierID`) REFERENCES `supplier` (`supplierID`)
) ENGINE=InnoDB AUTO_INCREMENT=477 DEFAULT CHARSET=utf8mb4 COLLATE=utf8mb4_0900_ai_ci;
/*!40101 SET character_set_client = @saved_cs_client */;

--
-- Dumping data for table `inventory_record`
--

LOCK TABLES `inventory_record` WRITE;
/*!40000 ALTER TABLE `inventory_record` DISABLE KEYS */;
INSERT INTO `inventory_record` VALUES (1,1,15,NULL,'Edit',0,'Edited product: dfada','2026-05-11 15:17:51'),(2,1,16,NULL,'Add',25,'Added product: fsgsfdgd','2026-05-11 15:18:06'),(3,9,NULL,8,'Supplier Add',0,'Added supplier: afdfa','2026-05-11 15:20:11'),(4,1,17,NULL,'Add',25,'Added product: adsfdsaf','2026-05-11 15:28:38'),(5,1,17,NULL,'Archive',0,'Archived product ID: 17','2026-05-11 15:28:42'),(6,1,NULL,8,'Supplier Edit',0,'Edited supplier: afdfa','2026-05-11 15:28:52'),(7,1,NULL,2,'Supplier Edit',0,'Edited supplier: me','2026-05-11 15:31:56'),(8,1,16,NULL,'Archive',0,'Archived product ID: 16','2026-05-11 15:54:53'),(9,1,15,NULL,'Edit',0,'Edited product: dfada','2026-05-11 15:54:58'),(10,1,18,NULL,'Add',25,'Added product: asdfasdfdasf','2026-05-11 15:55:16'),(11,1,NULL,9,'Supplier Add',0,'Added supplier: fgfdg','2026-05-11 15:55:48'),(12,1,NULL,9,'Supplier Archive',0,'Archived supplier ID: 9','2026-05-11 15:55:51'),(13,1,4,NULL,'Archive',0,'Archived product ID: 4','2026-05-12 20:40:18'),(14,1,19,NULL,'Add',25,'Added product: Pliers','2026-05-13 01:32:41'),(15,9,20,NULL,'Add',25,'Added product: aa','2026-05-13 20:47:52'),(16,9,21,NULL,'Add',25,'Added product: paintbrush','2026-05-13 20:58:25'),(17,1,9,NULL,'Edit',0,'Edited product: cement','2026-05-13 21:00:26'),(18,1,21,NULL,'Edit',0,'Edited product: paintbrush','2026-05-15 10:50:05'),(19,1,20,NULL,'Edit',0,'Edited product: aa','2026-05-15 10:50:19'),(20,1,19,NULL,'Edit',0,'Edited product: Pliers','2026-05-15 10:50:26'),(21,1,18,NULL,'Edit',0,'Edited product: asdfasdfdasf','2026-05-15 10:50:37'),(22,1,15,NULL,'Edit',0,'Edited product: dfada','2026-05-15 10:50:44'),(23,1,9,NULL,'Edit',0,'Edited product: cement','2026-05-15 10:51:01'),(24,1,8,NULL,'Edit',0,'Edited product: hammer','2026-05-15 10:51:08'),(25,1,7,NULL,'Edit',0,'Edited product: afgd','2026-05-15 10:51:14'),(26,1,21,NULL,'Edit',0,'Edited product: paintbrush','2026-05-19 02:06:50'),(27,9,NULL,2,'Supplier Edit',0,'Edited supplier: me','2026-05-20 21:56:49'),(28,1,21,NULL,'Edit',0,'Edited product: paintbrush','2026-05-20 23:35:44'),(29,1,22,NULL,'Add',25,'Added product: Gloves','2026-05-20 23:45:36'),(30,1,22,NULL,'Edit',0,'Edited product: Gloves','2026-05-21 00:08:43'),(31,1,22,NULL,'Edit',0,'Edited product: Gloves','2026-05-21 00:14:04'),(32,1,22,NULL,'Edit',0,'Edited product: Gloves','2026-05-21 00:15:04'),(33,1,22,NULL,'Edit',0,'Edited product: Gloves','2026-05-21 00:15:20'),(34,1,22,NULL,'Edit',0,'Edited product: Gloves','2026-05-21 00:15:35'),(35,1,22,NULL,'Edit',0,'Edited product: Gloves','2026-05-21 00:15:45'),(36,1,NULL,2,'Supplier Edit',0,'Edited supplier: me','2026-05-21 00:34:08'),(37,1,NULL,2,'Supplier Edit',0,'Edited supplier: me','2026-05-21 00:34:19'),(38,1,NULL,2,'Supplier Edit',0,'Edited supplier: me','2026-05-21 00:34:23'),(39,1,NULL,2,'Supplier Edit',0,'Edited supplier: me','2026-05-21 00:34:30'),(40,1,NULL,2,'Supplier Edit',0,'Edited supplier: me','2026-05-21 08:47:56'),(41,1,23,NULL,'Add',25,'Added product: A','2026-05-21 18:57:33'),(42,1,23,NULL,'Edit',0,'Edited product: A','2026-05-22 06:25:32'),(43,1,21,NULL,'Edit',0,'Edited product: paintbrush','2026-05-22 06:32:11'),(44,1,21,NULL,'Edit',0,'Edited product: paintbrush','2026-05-22 06:32:19'),(45,1,21,NULL,'Edit',0,'Edited product: paintbrush','2026-05-22 06:35:05'),(46,1,21,NULL,'Damaged goods',-2,'Stock adjusted for: paintbrush (-2) — Reason: Damaged goods','2026-05-22 06:35:05'),(47,1,20,NULL,'Edit',0,'Edited product: aa','2026-05-22 06:35:29'),(48,1,20,NULL,'Inventory count correction',-2,'Stock adjusted for: aa (-2) — Reason: Inventory count correction','2026-05-22 06:35:29'),(49,1,8,NULL,'Edit',0,'Edited product: hammer','2026-05-22 07:42:56'),(50,1,8,NULL,'Stock Adjustment',-2,'Stock adjusted for: hammer (-2) — Reason: damaged','2026-05-22 07:42:56'),(51,1,8,NULL,'Edit',0,'Edited product: hammer','2026-05-22 11:09:42'),(53,1,NULL,8,'Supplier Edit',0,'Edited supplier: afdfa','2026-05-23 13:48:43'),(54,1,NULL,10,'Supplier Edit',0,'Edited supplier: Alpha Prime Trading','2026-05-23 13:49:29'),(55,1,NULL,11,'Supplier Edit',0,'Edited supplier: Brightline Supply Corp','2026-05-23 13:49:35'),(56,1,NULL,12,'Supplier Edit',0,'Edited supplier: Central Link Distributors','2026-05-23 13:49:39'),(57,1,NULL,13,'Supplier Edit',0,'Edited supplier: Diamond Crest Supply','2026-05-23 13:49:43'),(58,1,NULL,14,'Supplier Edit',0,'Edited supplier: Everflow Trading','2026-05-23 13:49:51'),(59,1,NULL,14,'Supplier Edit',0,'Edited supplier: Everflow Trading','2026-05-23 13:50:00'),(60,1,NULL,14,'Supplier Edit',0,'Edited supplier: Everflow Trading','2026-05-23 13:50:09'),(61,1,NULL,15,'Supplier Edit',0,'Edited supplier: Fasttrack Wholesale','2026-05-23 13:50:19'),(62,1,NULL,17,'Supplier Edit',0,'Edited supplier: Highmark Distributors','2026-05-23 13:50:24'),(63,1,NULL,18,'Supplier Edit',0,'Edited supplier: Infinity Retail Hub','2026-05-23 13:50:28'),(64,1,NULL,20,'Supplier Edit',0,'Edited supplier: Kingstone Merchandising','2026-05-23 13:50:35'),(65,1,NULL,19,'Supplier Edit',0,'Edited supplier: Jade Peak Enterprises','2026-05-23 13:50:57'),(66,1,NULL,10,'Supplier Edit',0,'Edited supplier: Alpha Prime Trading','2026-05-23 13:51:19'),(67,1,122,NULL,'Edit',0,'Edited product: Steel Tube','2026-05-23 13:57:28'),(68,1,122,NULL,'Inventory count correction',-40,'Stock adjusted for: Steel Tube (-40) — Reason: Inventory count correction','2026-05-23 13:57:28'),(69,1,123,NULL,'Edit',0,'Edited product: GI Sheet','2026-05-23 13:57:39'),(70,1,123,NULL,'Inventory count correction',-20,'Stock adjusted for: GI Sheet (-20) — Reason: Inventory count correction','2026-05-23 13:57:39'),(71,1,NULL,10,'Supplier Edit',0,'Edited supplier: Alpha Prime Trading','2026-05-23 14:03:23'),(72,1,NULL,14,'Supplier Edit',0,'Edited supplier: Everflow Trading','2026-05-23 14:07:27'),(73,1,NULL,10,'Supplier Edit',0,'Edited supplier: Alpha Prime Trading','2026-05-23 14:07:55'),(74,1,NULL,8,'Supplier Archive',0,'Archived supplier ID: 8','2026-05-23 14:13:17'),(75,1,121,NULL,'Edit',0,'Edited product: Angle Bar','2026-05-23 14:23:42'),(76,1,124,NULL,'Add',25,'Added product: Adfadf','2026-05-23 14:25:42'),(77,1,NULL,14,'Supplier Edit',0,'Edited supplier: Everflow Trading','2026-05-23 15:03:41'),(78,1,NULL,18,'Supplier Edit',0,'Edited supplier: Infinity Retail Hub','2026-05-23 15:03:49'),(79,1,125,NULL,'Add',25,'Added product variant: Paint - Blue - 25kg','2026-05-24 14:06:19'),(80,1,126,NULL,'Add',25,'Added product variant: Paint - Blue - 1 kg','2026-05-24 14:06:19'),(81,1,127,NULL,'Add',25,'Added product variant: Paint - Yellow - 25kg','2026-05-24 14:06:19'),(82,1,128,NULL,'Add',25,'Added product variant: Paint - Yellow - 1 kg','2026-05-24 14:06:19'),(83,1,129,NULL,'Add',32,'Added product variant: Paint - Yellow - 1kg','2026-05-24 14:53:16'),(84,1,130,NULL,'Add',25,'Added product variant: Paint - Blue - 1kg','2026-05-24 14:53:16'),(85,1,131,NULL,'Add',25,'Added product variant: Paint - Red - 1kg','2026-05-24 14:53:16'),(86,1,132,NULL,'Add',25,'Added product variant: Paint - Green - 1kg','2026-05-24 14:53:16'),(87,1,132,NULL,'Archive',0,'Archived product ID: 132','2026-05-24 14:53:39'),(88,1,131,NULL,'Archive',0,'Archived product ID: 131','2026-05-24 14:53:43'),(89,1,130,NULL,'Archive',0,'Archived product ID: 130','2026-05-24 14:53:48'),(90,1,129,NULL,'Archive',0,'Archived product ID: 129','2026-05-24 14:53:52'),(91,1,128,NULL,'Archive',0,'Archived product ID: 128','2026-05-24 14:53:56'),(92,1,127,NULL,'Archive',0,'Archived product ID: 127','2026-05-24 14:54:00'),(93,1,126,NULL,'Archive',0,'Archived product ID: 126','2026-05-24 14:54:04'),(94,1,125,NULL,'Archive',0,'Archived product ID: 125','2026-05-24 14:54:07'),(95,1,133,NULL,'Add',25,'Added product variant: Paint - Yellow','2026-05-24 15:12:05'),(96,1,134,NULL,'Add',25,'Added product variant: Paint - Blue','2026-05-24 15:12:05'),(97,1,135,NULL,'Add',25,'Added product variant: Paint - Blue - Yellow','2026-05-24 15:12:20'),(98,1,136,NULL,'Add',25,'Added product variant: Paint - Blue - Blue','2026-05-24 15:12:20'),(99,1,137,NULL,'Add',25,'Added product variant: Paint - Blue - Green','2026-05-24 15:12:20'),(100,1,137,NULL,'Archive',0,'Archived product ID: 137','2026-05-24 15:13:23'),(101,1,136,NULL,'Archive',0,'Archived product ID: 136','2026-05-24 15:13:26'),(102,1,135,NULL,'Archive',0,'Archived product ID: 135','2026-05-24 15:13:29'),(103,1,134,NULL,'Archive',0,'Archived product ID: 134','2026-05-24 15:13:32'),(104,1,133,NULL,'Archive',0,'Archived product ID: 133','2026-05-24 15:13:35'),(105,1,138,NULL,'Add',25,'Added product variant: Paint - Blue','2026-05-24 15:16:37'),(106,1,139,NULL,'Add',25,'Added product variant: Paint - Yellow','2026-05-24 15:16:37'),(107,1,140,NULL,'Add',25,'Added product variant: Paint - Yellow - Blue','2026-05-24 15:16:54'),(108,1,141,NULL,'Add',25,'Added product variant: Paint - Yellow - Yellow','2026-05-24 15:16:54'),(109,1,142,NULL,'Add',25,'Added product variant: Paint - Yellow - Green','2026-05-24 15:16:54'),(110,1,142,NULL,'Archive',0,'Archived product ID: 142','2026-05-24 15:18:23'),(111,1,141,NULL,'Archive',0,'Archived product ID: 141','2026-05-24 15:18:26'),(112,1,140,NULL,'Archive',0,'Archived product ID: 140','2026-05-24 15:18:29'),(113,1,139,NULL,'Archive',0,'Archived product ID: 139','2026-05-24 15:18:33'),(114,1,138,NULL,'Archive',0,'Archived product ID: 138','2026-05-24 15:18:36'),(115,1,143,NULL,'Add',25,'Added product: E','2026-05-24 15:19:49'),(116,1,144,NULL,'Add',25,'Added product variant: Paint - Blue','2026-05-24 15:22:05'),(117,1,145,NULL,'Add',25,'Added product variant: Paint - Yellow','2026-05-24 15:22:05'),(118,1,146,NULL,'Add',25,'Added product variant: Paint - Green','2026-05-24 15:22:05'),(119,1,146,NULL,'Edit',0,'Edited product variant: Paint - Green','2026-05-24 15:23:58'),(120,1,145,NULL,'Edit',0,'Edited product variant: Paint - Yellow','2026-05-24 15:23:58'),(121,1,144,NULL,'Edit',0,'Edited product variant: Paint - Blue','2026-05-24 15:23:58'),(122,1,147,NULL,'Add',25,'Added product variant: Paint - Red','2026-05-24 15:23:58'),(123,1,148,NULL,'Add',25,'Added product variant: Paint - 1kg','2026-05-24 15:25:19'),(124,1,147,NULL,'Edit',0,'Edited product variant: Paint - Red','2026-05-24 15:25:42'),(125,1,146,NULL,'Edit',0,'Edited product variant: Paint - Green','2026-05-24 15:25:42'),(126,1,145,NULL,'Edit',0,'Edited product variant: Paint - Yellow','2026-05-24 15:25:42'),(127,1,144,NULL,'Edit',0,'Edited product variant: Paint - Blue','2026-05-24 15:25:42'),(128,1,147,NULL,'Edit',0,'Edited product variant: Paint - Red','2026-05-24 15:26:33'),(129,1,146,NULL,'Edit',0,'Edited product variant: Paint - Green','2026-05-24 15:26:33'),(130,1,145,NULL,'Edit',0,'Edited product variant: Paint - Yellow','2026-05-24 15:26:33'),(131,1,144,NULL,'Edit',0,'Edited product variant: Paint - Blue','2026-05-24 15:26:33'),(132,1,149,NULL,'Add',25,'Added product variant: Paint - White','2026-05-24 15:26:33'),(133,1,149,NULL,'Edit',0,'Edited product variant: Paint - White','2026-05-24 15:35:51'),(134,1,147,NULL,'Edit',0,'Edited product variant: Paint - Red','2026-05-24 15:35:51'),(135,1,146,NULL,'Edit',0,'Edited product variant: Paint - Green','2026-05-24 15:35:51'),(136,1,145,NULL,'Edit',0,'Edited product variant: Paint - Yellow','2026-05-24 15:35:51'),(137,1,144,NULL,'Edit',0,'Edited product variant: Paint - Blue','2026-05-24 15:35:51'),(138,1,149,NULL,'Edit',0,'Edited product variant: Paint - White','2026-05-24 17:09:48'),(139,1,148,NULL,'Edit',0,'Edited product variant: Paint - Red - 1kg','2026-05-24 17:09:48'),(140,1,147,NULL,'Edit',0,'Edited product variant: Paint - Red','2026-05-24 17:09:48'),(141,1,146,NULL,'Edit',0,'Edited product variant: Paint - Green','2026-05-24 17:09:48'),(142,1,145,NULL,'Edit',0,'Edited product variant: Paint - Yellow','2026-05-24 17:09:48'),(143,1,144,NULL,'Edit',0,'Edited product variant: Paint - Blue','2026-05-24 17:09:48'),(144,1,149,NULL,'Edit',0,'Edited product variant: Paint - White','2026-05-24 17:10:02'),(145,1,148,NULL,'Edit',0,'Edited product variant: Paint - Red - 1kg','2026-05-24 17:10:02'),(146,1,146,NULL,'Edit',0,'Edited product variant: Paint - Green','2026-05-24 17:10:02'),(147,1,145,NULL,'Edit',0,'Edited product variant: Paint - Yellow','2026-05-24 17:10:02'),(148,1,144,NULL,'Edit',0,'Edited product variant: Paint - Blue','2026-05-24 17:10:02'),(149,1,149,NULL,'Edit',0,'Edited product variant: Paint - White','2026-05-24 17:10:16'),(150,1,147,NULL,'Edit',0,'Edited product variant: Paint - Red','2026-05-24 17:10:16'),(151,1,146,NULL,'Edit',0,'Edited product variant: Paint - Green','2026-05-24 17:10:16'),(152,1,145,NULL,'Edit',0,'Edited product variant: Paint - Yellow','2026-05-24 17:10:16'),(153,1,144,NULL,'Edit',0,'Edited product variant: Paint - Blue','2026-05-24 17:10:16'),(154,1,124,NULL,'Archive',0,'Archived product ID: 124','2026-05-24 17:21:28'),(155,1,148,NULL,'Archive',0,'Archived product ID: 148','2026-05-24 17:27:51'),(156,1,147,NULL,'Archive',0,'Archived product ID: 147','2026-05-24 17:27:53'),(157,1,149,NULL,'Edit',0,'Edited product variant: Paint - White','2026-05-24 17:30:22'),(158,1,146,NULL,'Edit',0,'Edited product variant: Paint - Green','2026-05-24 17:30:22'),(159,1,145,NULL,'Edit',0,'Edited product variant: Paint - Yellow','2026-05-24 17:30:22'),(160,1,144,NULL,'Edit',0,'Edited product variant: Paint - Blue','2026-05-24 17:30:22'),(161,1,150,NULL,'Add',25,'Added product variant: Paint - White - 1 Kilo','2026-05-24 17:30:22'),(162,1,151,NULL,'Add',25,'Added product variant: Paint - Green - 1 Kilo','2026-05-24 17:30:22'),(163,1,152,NULL,'Add',25,'Added product variant: Paint - Yellow - 1 Kilo','2026-05-24 17:30:22'),(164,1,153,NULL,'Add',25,'Added product variant: Paint - Blue - 1 Kilo','2026-05-24 17:30:22'),(165,1,154,NULL,'Add',25,'Added product variant: Paint - Blue - 2 Kilo','2026-05-24 17:30:22'),(166,1,155,NULL,'Add',25,'Added product variant: Paint - Blue - 5 Kilos','2026-05-24 17:30:22'),(167,1,155,NULL,'Archive',0,'Archived product ID: 155','2026-05-24 17:34:14'),(168,1,154,NULL,'Archive',0,'Archived product ID: 154','2026-05-24 17:34:16'),(169,1,153,NULL,'Archive',0,'Archived product ID: 153','2026-05-24 17:34:17'),(170,1,144,NULL,'Archive',0,'Archived product ID: 144','2026-05-24 17:34:20'),(171,1,152,NULL,'Edit',0,'Edited product variant: Paint - Yellow - 1 Kilo','2026-05-24 17:39:43'),(172,1,151,NULL,'Edit',0,'Edited product variant: Paint - Green - 1 Kilo','2026-05-24 17:39:43'),(173,1,150,NULL,'Edit',0,'Edited product variant: Paint - White - 1 Kilo','2026-05-24 17:39:43'),(174,1,149,NULL,'Edit',0,'Edited product variant: Paint - White','2026-05-24 17:39:43'),(175,1,146,NULL,'Edit',0,'Edited product variant: Paint - Green','2026-05-24 17:39:43'),(176,1,145,NULL,'Edit',0,'Edited product variant: Paint - Yellow','2026-05-24 17:39:43'),(177,1,156,NULL,'Add',25,'Added product variant: Paint - Red - 1 Kilo','2026-05-24 17:39:43'),(178,1,157,NULL,'Add',25,'Added product variant: Paint - Black - 1 Kilo','2026-05-24 17:39:43'),(179,1,158,NULL,'Add',25,'Added product variant: Paint - Pink - 1 Kilo','2026-05-24 17:39:43'),(180,1,159,NULL,'Add',25,'Added product variant: Paint - Yellow - 2 Kilo','2026-05-24 17:39:43'),(181,1,160,NULL,'Add',25,'Added product variant: Paint - Green - 2 Kilo','2026-05-24 17:39:43'),(182,1,161,NULL,'Add',25,'Added product variant: Paint - White - 2 Kilo','2026-05-24 17:39:43'),(183,1,162,NULL,'Add',25,'Added product variant: Paint - Red - 2 Kilo','2026-05-24 17:39:43'),(184,1,163,NULL,'Add',25,'Added product variant: Paint - Black - 2 Kilo','2026-05-24 17:39:43'),(185,1,164,NULL,'Add',25,'Added product variant: Paint - Pink - 2 Kilo','2026-05-24 17:39:43'),(186,1,149,NULL,'Archive',0,'Archived product ID: 149','2026-05-24 17:40:08'),(187,1,146,NULL,'Archive',0,'Archived product ID: 146','2026-05-24 17:40:09'),(188,1,145,NULL,'Archive',0,'Archived product ID: 145','2026-05-24 17:40:11'),(189,1,164,NULL,'Edit',0,'Edited product variant: Paint - Pink - 2 Kilo','2026-05-24 17:40:22'),(190,1,163,NULL,'Edit',0,'Edited product variant: Paint - Black - 2 Kilo','2026-05-24 17:40:22'),(191,1,162,NULL,'Edit',0,'Edited product variant: Paint - Red - 2 Kilo','2026-05-24 17:40:22'),(192,1,161,NULL,'Edit',0,'Edited product variant: Paint - White - 2 Kilo','2026-05-24 17:40:22'),(193,1,160,NULL,'Edit',0,'Edited product variant: Paint - Green - 2 Kilo','2026-05-24 17:40:22'),(194,1,159,NULL,'Edit',0,'Edited product variant: Paint - Yellow - 2 Kilo','2026-05-24 17:40:22'),(195,1,158,NULL,'Edit',0,'Edited product variant: Paint - Pink - 1 Kilo','2026-05-24 17:40:22'),(196,1,157,NULL,'Edit',0,'Edited product variant: Paint - Black - 1 Kilo','2026-05-24 17:40:22'),(197,1,156,NULL,'Edit',0,'Edited product variant: Paint - Red - 1 Kilo','2026-05-24 17:40:22'),(198,1,152,NULL,'Edit',0,'Edited product variant: Paint - Yellow - 1 Kilo','2026-05-24 17:40:22'),(199,1,151,NULL,'Edit',0,'Edited product variant: Paint - Green - 1 Kilo','2026-05-24 17:40:22'),(200,1,150,NULL,'Edit',0,'Edited product variant: Paint - White - 1 Kilo','2026-05-24 17:40:22'),(201,1,164,NULL,'Edit',0,'Edited product variant: B600 Paint - Pink - 2 Kilo','2026-05-24 17:40:47'),(202,1,163,NULL,'Edit',0,'Edited product variant: B600 Paint - Black - 2 Kilo','2026-05-24 17:40:47'),(203,1,162,NULL,'Edit',0,'Edited product variant: B600 Paint - Red - 2 Kilo','2026-05-24 17:40:47'),(204,1,161,NULL,'Edit',0,'Edited product variant: B600 Paint - White - 2 Kilo','2026-05-24 17:40:47'),(205,1,160,NULL,'Edit',0,'Edited product variant: B600 Paint - Green - 2 Kilo','2026-05-24 17:40:47'),(206,1,159,NULL,'Edit',0,'Edited product variant: B600 Paint - Yellow - 2 Kilo','2026-05-24 17:40:47'),(207,1,158,NULL,'Edit',0,'Edited product variant: B600 Paint - Pink - 1 Kilo','2026-05-24 17:40:47'),(208,1,157,NULL,'Edit',0,'Edited product variant: B600 Paint - Black - 1 Kilo','2026-05-24 17:40:47'),(209,1,156,NULL,'Edit',0,'Edited product variant: B600 Paint - Red - 1 Kilo','2026-05-24 17:40:47'),(210,1,152,NULL,'Edit',0,'Edited product variant: B600 Paint - Yellow - 1 Kilo','2026-05-24 17:40:47'),(211,1,151,NULL,'Edit',0,'Edited product variant: B600 Paint - Green - 1 Kilo','2026-05-24 17:40:47'),(212,1,150,NULL,'Edit',0,'Edited product variant: B600 Paint - White - 1 Kilo','2026-05-24 17:40:47'),(213,1,164,NULL,'Edit',0,'Edited product variant: B600 Paint - Pink - 2 Kilo','2026-05-24 17:55:23'),(214,1,163,NULL,'Edit',0,'Edited product variant: B600 Paint - Black - 2 Kilo','2026-05-24 17:55:23'),(215,1,162,NULL,'Edit',0,'Edited product variant: B600 Paint - Red - 2 Kilo','2026-05-24 17:55:23'),(216,1,161,NULL,'Edit',0,'Edited product variant: B600 Paint - White - 2 Kilo','2026-05-24 17:55:23'),(217,1,160,NULL,'Edit',0,'Edited product variant: B600 Paint - Green - 2 Kilo','2026-05-24 17:55:23'),(218,1,159,NULL,'Edit',0,'Edited product variant: B600 Paint - Yellow - 2 Kilo','2026-05-24 17:55:23'),(219,1,158,NULL,'Edit',0,'Edited product variant: B600 Paint - Pink - 1 Kilo','2026-05-24 17:55:23'),(220,1,157,NULL,'Edit',0,'Edited product variant: B600 Paint - Black - 1 Kilo','2026-05-24 17:55:23'),(221,1,156,NULL,'Edit',0,'Edited product variant: B600 Paint - Red - 1 Kilo','2026-05-24 17:55:23'),(222,1,152,NULL,'Edit',0,'Edited product variant: B600 Paint - Yellow - 1 Kilo','2026-05-24 17:55:23'),(223,1,151,NULL,'Edit',0,'Edited product variant: B600 Paint - Green - 1 Kilo','2026-05-24 17:55:23'),(224,1,150,NULL,'Edit',0,'Edited product variant: B600 Paint - White - 1 Kilo','2026-05-24 17:55:23'),(225,1,165,NULL,'Add',25,'Added product variant: Nail - 1\"','2026-05-24 17:56:00'),(226,1,166,NULL,'Add',25,'Added product variant: Nail - 2\"','2026-05-24 17:56:00'),(227,1,167,NULL,'Add',25,'Added product variant: Nail - 2\"','2026-05-24 17:56:55'),(228,1,168,NULL,'Add',25,'Added product variant: Nail - 1\"','2026-05-24 17:56:55'),(229,1,169,NULL,'Add',25,'Added product variant: Nail - 3\"','2026-05-24 17:56:55'),(230,1,170,NULL,'Add',25,'Added product variant: Nail - 4\"','2026-05-24 17:56:55'),(231,1,168,NULL,'Archive',0,'Archived product ID: 168','2026-05-24 17:57:06'),(232,1,167,NULL,'Archive',0,'Archived product ID: 167','2026-05-24 17:57:07'),(233,1,170,NULL,'Edit',0,'Edited product variant: Nail - 4','2026-05-24 17:57:09'),(234,1,169,NULL,'Edit',0,'Edited product variant: Nail - 3','2026-05-24 17:57:09'),(235,1,166,NULL,'Edit',0,'Edited product variant: Nail - 2','2026-05-24 17:57:09'),(236,1,165,NULL,'Edit',0,'Edited product variant: Nail - 1','2026-05-24 17:57:09'),(237,1,171,NULL,'Add',25,'Added product variant: Nail - 3 - Red','2026-05-24 18:20:25'),(238,1,171,NULL,'Archive',0,'Archived product ID: 171','2026-05-24 18:20:36'),(239,1,172,NULL,'Add',25,'Added product variant: Nail - 2 - Red','2026-05-24 18:34:30'),(240,1,172,NULL,'Edit',0,'Edited product variant: Nail - 2 - Red','2026-05-24 18:39:47'),(241,1,170,NULL,'Edit',0,'Edited product variant: Nail - 4','2026-05-24 18:39:47'),(242,1,169,NULL,'Edit',0,'Edited product variant: Nail - 3','2026-05-24 18:39:47'),(243,1,166,NULL,'Edit',0,'Edited product variant: Nail - 2','2026-05-24 18:39:47'),(244,1,165,NULL,'Edit',0,'Edited product variant: Nail - 1','2026-05-24 18:39:47'),(245,1,173,NULL,'Add',25,'Added product variant: Nail - dakfjlsdf','2026-05-24 18:39:47'),(246,1,164,NULL,'Edit',0,'Edited product variant: B600 Paint - Pink - 2 Kilo','2026-05-24 18:41:38'),(247,1,158,NULL,'Edit',0,'Edited product variant: B600 Paint - Pink - 1 Kilo','2026-05-24 18:41:38'),(248,1,174,NULL,'Add',25,'Added product variant: Nut - 1\"','2026-05-24 18:52:11'),(249,1,175,NULL,'Add',25,'Added product variant: Nut - 2\"','2026-05-24 18:52:11'),(250,1,176,NULL,'Add',25,'Added product variant: Nut - 3\"','2026-05-24 18:52:11'),(251,1,170,NULL,'Edit',0,'Edited product variant: Nail - 4','2026-05-24 18:53:13'),(252,1,169,NULL,'Edit',0,'Edited product variant: Nail - 3','2026-05-24 18:53:13'),(253,1,166,NULL,'Edit',0,'Edited product variant: Nail - 2','2026-05-24 18:53:13'),(254,1,165,NULL,'Edit',0,'Edited product variant: Nail - 1','2026-05-24 18:53:13'),(255,1,173,NULL,'Archive',0,'Archived product variant: undefined','2026-05-24 18:53:13'),(256,1,172,NULL,'Archive',0,'Archived product variant: undefined','2026-05-24 18:53:13'),(257,1,176,NULL,'Edit',0,'Edited product variant: Nut - 3','2026-05-24 19:12:53'),(258,1,175,NULL,'Edit',0,'Edited product variant: Nut - 2','2026-05-24 19:12:53'),(259,1,174,NULL,'Edit',0,'Edited product variant: Nut - 1','2026-05-24 19:12:53'),(260,1,177,NULL,'Add',25,'Added product variant: Nut - 4\"','2026-05-24 19:12:53'),(261,1,177,NULL,'Edit',0,'Edited product variant: Nut - 4 inch','2026-05-24 19:13:23'),(262,1,176,NULL,'Edit',0,'Edited product variant: Nut - 3 inch','2026-05-24 19:13:23'),(263,1,175,NULL,'Edit',0,'Edited product variant: Nut - 2 inch','2026-05-24 19:13:23'),(264,1,174,NULL,'Edit',0,'Edited product variant: Nut - 2 inch','2026-05-24 19:13:23'),(265,1,177,NULL,'Edit',0,'Edited product variant: Nut - 4 inch','2026-05-24 19:13:33'),(266,1,176,NULL,'Edit',0,'Edited product variant: Nut - 3 inch','2026-05-24 19:13:33'),(267,1,175,NULL,'Edit',0,'Edited product variant: Nut - 2 inch','2026-05-24 19:13:33'),(268,1,174,NULL,'Edit',0,'Edited product variant: Nut - 1 inch','2026-05-24 19:13:33'),(269,1,177,NULL,'Edit',0,'Edited product variant: Nut - 4 inch','2026-05-24 19:18:02'),(270,1,176,NULL,'Edit',0,'Edited product variant: Nut - 3 inch','2026-05-24 19:18:02'),(271,1,175,NULL,'Edit',0,'Edited product variant: Nut - 2 inch','2026-05-24 19:18:02'),(272,1,174,NULL,'Edit',0,'Edited product variant: Nut - 1 inch','2026-05-24 19:18:02'),(273,1,177,NULL,'Edit',0,'Edited product variant: Nut - 4 inch','2026-05-24 19:18:34'),(274,1,176,NULL,'Edit',0,'Edited product variant: Nut - 3 inch','2026-05-24 19:18:34'),(275,1,175,NULL,'Edit',0,'Edited product variant: Nut - 2 inch','2026-05-24 19:18:34'),(276,1,174,NULL,'Edit',0,'Edited product variant: Nut - 1 inch','2026-05-24 19:18:34'),(277,1,178,NULL,'Add',25,'Added product variant: Nut - 5 inch','2026-05-24 19:18:34'),(278,1,178,NULL,'Edit',0,'Edited product variant: Nut - 5 inch','2026-05-24 19:22:08'),(279,1,177,NULL,'Edit',0,'Edited product variant: Nut - 4 inch','2026-05-24 19:22:08'),(280,1,176,NULL,'Edit',0,'Edited product variant: Nut - 3 inch','2026-05-24 19:22:08'),(281,1,175,NULL,'Edit',0,'Edited product variant: Nut - 2 inch','2026-05-24 19:22:08'),(282,1,174,NULL,'Edit',0,'Edited product variant: Nut - 1 inch','2026-05-24 19:22:08'),(283,1,164,NULL,'Edit',0,'Edited product variant: B600 Paint - Pink - 2 Kilo','2026-05-24 20:53:48'),(284,1,163,NULL,'Edit',0,'Edited product variant: B600 Paint - Black - 2 Kilo','2026-05-24 20:53:48'),(285,1,162,NULL,'Edit',0,'Edited product variant: B600 Paint - Red - 2 Kilo','2026-05-24 20:53:48'),(286,1,161,NULL,'Edit',0,'Edited product variant: B600 Paint - White - 2 Kilo','2026-05-24 20:53:48'),(287,1,160,NULL,'Edit',0,'Edited product variant: B600 Paint - Green - 2 Kilo','2026-05-24 20:53:48'),(288,1,159,NULL,'Edit',0,'Edited product variant: B600 Paint - Yellow - 2 Kilo','2026-05-24 20:53:48'),(289,1,158,NULL,'Edit',0,'Edited product variant: B600 Paint - Pink - 1 Kilo','2026-05-24 20:53:48'),(290,1,157,NULL,'Edit',0,'Edited product variant: B600 Paint - Black - 1 Kilo','2026-05-24 20:53:48'),(291,1,156,NULL,'Edit',0,'Edited product variant: B600 Paint - Red - 1 Kilo','2026-05-24 20:53:48'),(292,1,152,NULL,'Edit',0,'Edited product variant: B600 Paint - Yellow - 1 Kilo','2026-05-24 20:53:48'),(293,1,151,NULL,'Edit',0,'Edited product variant: B600 Paint - Green - 1 Kilo','2026-05-24 20:53:48'),(294,1,150,NULL,'Edit',0,'Edited product variant: B600 Paint - White - 1 Kilo','2026-05-24 20:53:48'),(295,1,179,NULL,'Add',120,'Added product variant: Steel Bar 10mm - White - 20kg','2026-05-24 20:55:14'),(296,1,179,NULL,'Edit',0,'Edited product variant: Steel Bar - White - 20kg','2026-05-24 20:55:59'),(297,1,119,NULL,'Archive',0,'Archived product variant: undefined','2026-05-24 20:55:59'),(298,1,178,NULL,'Edit',0,'Edited product variant: Nut - 5 inch','2026-05-24 21:02:58'),(299,1,177,NULL,'Edit',0,'Edited product variant: Nut - 4 inch','2026-05-24 21:02:58'),(300,1,176,NULL,'Edit',0,'Edited product variant: Nut - 3 inch','2026-05-24 21:02:58'),(301,1,175,NULL,'Edit',0,'Edited product variant: Nut - 2 inch','2026-05-24 21:02:58'),(302,1,174,NULL,'Edit',0,'Edited product variant: Nut - 1 inch','2026-05-24 21:02:58'),(303,1,178,NULL,'Edit',0,'Edited product variant: Nut - 5 inch','2026-05-24 21:03:02'),(304,1,177,NULL,'Edit',0,'Edited product variant: Nut - 4 inch','2026-05-24 21:03:02'),(305,1,176,NULL,'Edit',0,'Edited product variant: Nut - 3 inch','2026-05-24 21:03:02'),(306,1,175,NULL,'Edit',0,'Edited product variant: Nut - 2 inch','2026-05-24 21:03:02'),(307,1,174,NULL,'Edit',0,'Edited product variant: Nut - 1 inch','2026-05-24 21:03:02'),(308,1,178,NULL,'Edit',0,'Edited product variant: Nut - 5 inch','2026-05-24 21:04:18'),(309,1,177,NULL,'Edit',0,'Edited product variant: Nut - 4 inch','2026-05-24 21:04:18'),(310,1,176,NULL,'Edit',0,'Edited product variant: Nut - 3 inch','2026-05-24 21:04:18'),(311,1,175,NULL,'Edit',0,'Edited product variant: Nut - 2 inch','2026-05-24 21:04:18'),(312,1,174,NULL,'Edit',0,'Edited product variant: Nut - 1 inch','2026-05-24 21:04:18'),(313,1,179,NULL,'Edit',0,'Edited product variant: Steel Bar - White - 20kg','2026-05-24 21:08:40'),(314,1,178,NULL,'Edit',0,'Edited product variant: Nut - 5 inch','2026-05-24 21:09:57'),(315,1,177,NULL,'Edit',0,'Edited product variant: Nut - 4 inch','2026-05-24 21:09:57'),(316,1,176,NULL,'Edit',0,'Edited product variant: Nut - 3 inch','2026-05-24 21:09:57'),(317,1,175,NULL,'Edit',0,'Edited product variant: Nut - 2 inch','2026-05-24 21:09:57'),(318,1,174,NULL,'Edit',0,'Edited product variant: Nut - 1 inch','2026-05-24 21:09:57'),(319,1,179,NULL,'Edit',0,'Edited product variant: Something - White - 20kg','2026-05-24 21:10:36'),(320,1,180,NULL,'Add',120,'Added product variant: Something - Silver - 10kg','2026-05-24 21:10:36'),(321,1,180,NULL,'Edit',0,'Edited product variant: Something - Silver - 10kg','2026-05-24 21:10:45'),(322,1,179,NULL,'Edit',0,'Edited product variant: Something - White - 20kg','2026-05-24 21:10:45'),(323,1,181,NULL,'Add',25,'Added product: Hfjdsafhkj','2026-05-24 21:19:04'),(324,1,178,NULL,'Edit',0,'Edited product variant: Nut - 5 inch','2026-05-24 21:28:48'),(325,1,177,NULL,'Edit',0,'Edited product variant: Nut - 4 inch','2026-05-24 21:28:48'),(326,1,176,NULL,'Edit',0,'Edited product variant: Nut - 3 inch','2026-05-24 21:28:48'),(327,1,175,NULL,'Edit',0,'Edited product variant: Nut - 2 inch','2026-05-24 21:28:48'),(328,1,174,NULL,'Edit',0,'Edited product variant: Nut - 1 inch','2026-05-24 21:28:48'),(329,1,182,NULL,'Add',25,'Added product variant: Nut - 6 inch - White','2026-05-24 21:28:48'),(330,1,182,NULL,'Edit',0,'Edited product variant: Nut - 6 inch - White','2026-05-24 22:05:19'),(331,1,178,NULL,'Edit',0,'Edited product variant: Nut - 5 inch','2026-05-24 22:05:19'),(332,1,177,NULL,'Edit',0,'Edited product variant: Nut - 4 inch','2026-05-24 22:05:19'),(333,1,176,NULL,'Edit',0,'Edited product variant: Nut - 3 inch','2026-05-24 22:05:19'),(334,1,175,NULL,'Edit',0,'Edited product variant: Nut - 2 inch','2026-05-24 22:05:19'),(335,1,174,NULL,'Edit',0,'Edited product variant: Nut - 1 inch','2026-05-24 22:05:19'),(336,1,180,NULL,'Edit',0,'Edited product variant: Something - Silver - 10kg','2026-05-24 22:05:49'),(337,1,179,NULL,'Edit',0,'Edited product variant: Something - White - 20kg','2026-05-24 22:05:49'),(338,1,183,NULL,'Add',120,'Added product variant: Something - Blue - 20kg','2026-05-24 22:05:49'),(339,1,184,NULL,'Add',25,'Added product variant: Gloves - Small','2026-05-24 22:06:19'),(340,1,185,NULL,'Add',25,'Added product variant: Gloves - Medium','2026-05-24 22:06:19'),(341,1,186,NULL,'Add',25,'Added product variant: Gloves - Large','2026-05-24 22:06:19'),(342,1,187,NULL,'Add',120,'Added product variant: Something - Large','2026-05-24 22:06:40'),(343,1,188,NULL,'Add',57,'Added product variant: Angle Bar - 90','2026-05-24 22:08:26'),(344,1,189,NULL,'Add',57,'Added product variant: Angle Bar - 120','2026-05-24 22:08:26'),(345,1,189,NULL,'Edit',0,'Edited product variant: Angle Bar - 120','2026-05-24 22:09:23'),(346,1,188,NULL,'Edit',0,'Edited product variant: Angle Bar - 90','2026-05-24 22:09:23'),(347,1,121,NULL,'Edit',0,'Edited product variant: Angle Bar - Angle Bar','2026-05-24 22:09:23'),(348,1,189,NULL,'Edit',0,'Edited product variant: Angle Bar - 120','2026-05-24 22:09:29'),(349,1,188,NULL,'Edit',0,'Edited product variant: Angle Bar - 90','2026-05-24 22:09:29'),(350,1,121,NULL,'Edit',0,'Edited product variant: Angle Bar - Angle Bar','2026-05-24 22:09:29'),(351,1,109,NULL,'Edit',0,'Edited product: LED Bulb ','2026-05-24 22:17:59'),(352,1,109,NULL,'Edit',0,'Edited product variant: LED Bulb  - 12W','2026-05-24 22:18:29'),(353,1,190,NULL,'Add',100,'Added product variant: LED Bulb  - 16W','2026-05-24 22:18:29'),(354,1,191,NULL,'Add',100,'Added product variant: LED Bulb  - 20W','2026-05-24 22:18:29'),(355,1,189,NULL,'Edit',0,'Edited product variant: Angle Bar - 120','2026-05-25 01:06:16'),(356,1,188,NULL,'Edit',0,'Edited product variant: Angle Bar - 90','2026-05-25 01:06:16'),(357,1,121,NULL,'Archive',0,'Archived product variant: undefined','2026-05-25 01:06:16'),(358,1,192,NULL,'Add',25,'Added product: LED Bulb','2026-05-25 01:07:11'),(359,1,192,NULL,'Edit',0,'Edited product variant: LED Bulb - 20W','2026-05-25 01:07:35'),(360,1,195,NULL,'Add',25,'Added product: LED Bulb','2026-05-25 01:15:34'),(361,1,195,NULL,'Archive',0,'Archived product ID: 195','2026-05-25 01:15:52'),(362,1,4,NULL,'Edit',0,'Restored product ID: 4','2026-05-25 01:19:10'),(363,1,14,NULL,'Edit',0,'Restored product ID: 14','2026-05-25 01:19:29'),(364,1,12,NULL,'Archive',0,'Archived product ID: 12','2026-05-25 01:19:45'),(365,1,192,NULL,'Archive',0,'Archived product variant: undefined','2026-05-25 11:21:37'),(366,1,191,NULL,'Edit',0,'Edited product variant: LED Bulb  - 20W','2026-05-25 11:21:47'),(367,1,190,NULL,'Edit',0,'Edited product variant: LED Bulb  - 16W','2026-05-25 11:21:47'),(368,1,109,NULL,'Edit',0,'Edited product variant: LED Bulb  - 12W','2026-05-25 11:21:47'),(369,1,187,NULL,'Edit',0,'Edited product variant: Something - Large','2026-05-26 00:02:32'),(370,1,183,NULL,'Edit',0,'Edited product variant: Something - Blue - 20kg','2026-05-26 00:02:32'),(371,1,180,NULL,'Edit',0,'Edited product variant: Something - Silver - 10kg','2026-05-26 00:02:32'),(372,1,179,NULL,'Edit',0,'Edited product variant: Something - White - 20kg','2026-05-26 00:02:32'),(373,1,NULL,10,'Supplier Edit',0,'Edited supplier: Alpha Prime Trading','2026-05-26 18:13:46'),(374,1,NULL,10,'Supplier Edit',0,'Edited supplier: Alpha Prime Trading','2026-05-30 06:47:29'),(375,1,191,NULL,'Edit',0,'Edited product variant: LED Bulb  - 20W','2026-05-30 08:40:41'),(376,1,190,NULL,'Edit',0,'Edited product variant: LED Bulb  - 16W','2026-05-30 08:40:41'),(377,1,109,NULL,'Edit',0,'Edited product variant: LED Bulb  - 12W','2026-05-30 08:40:41'),(378,1,123,NULL,'Edit',0,'Edited product: GI Sheet','2026-05-30 11:39:13'),(379,1,105,NULL,'Edit',0,'Edited product: Gloss Paint Red','2026-05-30 11:40:10'),(380,1,90,NULL,'Edit',0,'Edited product: Plywood 1/2','2026-05-30 11:41:19'),(381,1,90,NULL,'Edit',0,'Edited product: Plywood 1/2','2026-05-30 11:41:29'),(382,1,NULL,18,'Supplier Edit',0,'Edited supplier: Infinity Retail Hub','2026-05-30 11:44:56'),(383,1,191,NULL,'Edit',0,'Edited product variant: LED Bulb  - 20W','2026-05-30 16:29:04'),(384,1,190,NULL,'Edit',0,'Edited product variant: LED Bulb  - 16W','2026-05-30 16:29:04'),(385,1,109,NULL,'Edit',0,'Edited product variant: LED Bulb  - 12W','2026-05-30 16:29:04'),(386,1,196,NULL,'Add',92,'Added product variant: LED Bulb  - 24W','2026-05-30 16:29:04'),(387,1,197,NULL,'Add',25,'Added product variant: Steel Bar - 20m','2026-05-30 22:35:24'),(388,1,198,NULL,'Add',25,'Added product variant: Steel Bar - 10m','2026-05-30 22:35:24'),(389,1,199,NULL,'Add',25,'Added product variant: Steel Bar - 5m','2026-05-30 22:35:24'),(390,1,NULL,70,'Supplier Add',0,'Added supplier: Trading','2026-05-30 22:37:12'),(391,1,119,NULL,'Edit',0,'Restored product ID: 119','2026-05-31 23:26:39'),(392,1,199,NULL,'Edit',0,'Edited product variant: Steel Bar - 5m','2026-06-01 09:42:44'),(393,1,198,NULL,'Edit',0,'Edited product variant: Steel Bar - 10m','2026-06-01 09:42:44'),(394,1,197,NULL,'Edit',0,'Edited product variant: Steel Bar - 20m','2026-06-01 09:42:44'),(395,1,196,NULL,'Edit',0,'Edited product variant: LED Bulb  - 24W','2026-06-01 09:43:48'),(396,1,191,NULL,'Edit',0,'Edited product variant: LED Bulb  - 20W','2026-06-01 09:43:48'),(397,1,190,NULL,'Edit',0,'Edited product variant: LED Bulb  - 16W','2026-06-01 09:43:48'),(398,1,109,NULL,'Edit',0,'Edited product variant: LED Bulb  - 12W','2026-06-01 09:43:48'),(399,1,196,NULL,'Edit',0,'Edited product variant: LED Bulb  - 24W','2026-06-01 09:44:03'),(400,1,191,NULL,'Edit',0,'Edited product variant: LED Bulb  - 20W','2026-06-01 09:44:03'),(401,1,190,NULL,'Edit',0,'Edited product variant: LED Bulb  - 16W','2026-06-01 09:44:03'),(402,1,109,NULL,'Edit',0,'Edited product variant: LED Bulb  - 12W','2026-06-01 09:44:03'),(403,1,187,NULL,'Archive',0,'Archived product variant: undefined','2026-06-01 09:44:13'),(404,1,183,NULL,'Archive',0,'Archived product variant: undefined','2026-06-01 09:44:13'),(405,1,180,NULL,'Archive',0,'Archived product variant: undefined','2026-06-01 09:44:13'),(406,1,179,NULL,'Archive',0,'Archived product variant: undefined','2026-06-01 09:44:13'),(407,1,170,NULL,'Edit',0,'Edited product variant: Nail - 4\"','2026-06-01 09:44:43'),(408,1,169,NULL,'Edit',0,'Edited product variant: Nail - 3\"','2026-06-01 09:44:43'),(409,1,166,NULL,'Edit',0,'Edited product variant: Nail - 2\"','2026-06-01 09:44:43'),(410,1,165,NULL,'Edit',0,'Edited product variant: Nail - 1\"','2026-06-01 09:44:43'),(411,1,173,NULL,'Archive',0,'Archived product variant: undefined','2026-06-01 09:44:43'),(412,1,170,NULL,'Edit',0,'Edited product variant: Nail - 4 inch','2026-06-01 09:45:08'),(413,1,169,NULL,'Edit',0,'Edited product variant: Nail - 3 inch','2026-06-01 09:45:09'),(414,1,166,NULL,'Edit',0,'Edited product variant: Nail - 2 inch','2026-06-01 09:45:09'),(415,1,165,NULL,'Edit',0,'Edited product variant: Nail - 1 inch','2026-06-01 09:45:09'),(416,1,181,NULL,'Archive',0,'Archived product ID: 181','2026-06-01 09:45:15'),(417,1,14,NULL,'Archive',0,'Archived product ID: 14','2026-06-01 09:46:03'),(418,1,4,NULL,'Archive',0,'Archived product ID: 4','2026-06-01 09:47:11'),(419,1,20,NULL,'Archive',0,'Archived product ID: 20','2026-06-01 09:47:25'),(420,1,186,NULL,'Edit',0,'Edited product variant: Safety Gloves - Large','2026-06-01 09:49:05'),(421,1,185,NULL,'Edit',0,'Edited product variant: Safety Gloves - Medium','2026-06-01 09:49:05'),(422,1,184,NULL,'Edit',0,'Edited product variant: Safety Gloves - Small','2026-06-01 09:49:05'),(423,1,22,NULL,'Edit',0,'Edited product variant: Safety Gloves - Gloves','2026-06-01 09:49:05'),(424,1,186,NULL,'Edit',0,'Edited product variant: Safety Gloves - Large','2026-06-01 09:49:50'),(425,1,185,NULL,'Edit',0,'Edited product variant: Safety Gloves - Medium','2026-06-01 09:49:50'),(426,1,184,NULL,'Edit',0,'Edited product variant: Safety Gloves - Small','2026-06-01 09:49:50'),(427,1,22,NULL,'Edit',0,'Edited product variant: Safety Gloves - Extra Large','2026-06-01 09:49:50'),(428,1,186,NULL,'Edit',0,'Edited product variant: Safety Gloves - Large','2026-06-01 10:11:46'),(429,1,185,NULL,'Edit',0,'Edited product variant: Safety Gloves - Medium','2026-06-01 10:11:46'),(430,1,184,NULL,'Edit',0,'Edited product variant: Safety Gloves - Small','2026-06-01 10:11:46'),(431,1,22,NULL,'Edit',0,'Edited product variant: Safety Gloves - Extra Large','2026-06-01 10:11:46'),(432,1,189,NULL,'Edit',0,'Edited product variant: Angle Bar - 120','2026-06-01 10:12:43'),(433,1,188,NULL,'Edit',0,'Edited product variant: Angle Bar - 90','2026-06-01 10:12:43'),(434,1,164,NULL,'Edit',0,'Edited product variant: Boysen B600 Paint - Pink - 2 Kilo','2026-06-01 10:14:09'),(435,1,163,NULL,'Edit',0,'Edited product variant: Boysen B600 Paint - Black - 2 Kilo','2026-06-01 10:14:09'),(436,1,162,NULL,'Edit',0,'Edited product variant: Boysen B600 Paint - Red - 2 Kilo','2026-06-01 10:14:09'),(437,1,161,NULL,'Edit',0,'Edited product variant: Boysen B600 Paint - White - 2 Kilo','2026-06-01 10:14:09'),(438,1,160,NULL,'Edit',0,'Edited product variant: Boysen B600 Paint - Green - 2 Kilo','2026-06-01 10:14:09'),(439,1,159,NULL,'Edit',0,'Edited product variant: Boysen B600 Paint - Yellow - 2 Kilo','2026-06-01 10:14:09'),(440,1,158,NULL,'Edit',0,'Edited product variant: Boysen B600 Paint - Pink - 1 Kilo','2026-06-01 10:14:09'),(441,1,157,NULL,'Edit',0,'Edited product variant: Boysen B600 Paint - Black - 1 Kilo','2026-06-01 10:14:09'),(442,1,156,NULL,'Edit',0,'Edited product variant: Boysen B600 Paint - Red - 1 Kilo','2026-06-01 10:14:09'),(443,1,152,NULL,'Edit',0,'Edited product variant: Boysen B600 Paint - Yellow - 1 Kilo','2026-06-01 10:14:09'),(444,1,151,NULL,'Edit',0,'Edited product variant: Boysen B600 Paint - Green - 1 Kilo','2026-06-01 10:14:09'),(445,1,150,NULL,'Edit',0,'Edited product variant: Boysen B600 Paint - White - 1 Kilo','2026-06-01 10:14:09'),(446,1,164,NULL,'Edit',0,'Edited product variant: Boysen B600 Paint - Pink - 2 Kilo','2026-06-01 10:14:22'),(447,1,163,NULL,'Edit',0,'Edited product variant: Boysen B600 Paint - Black - 2 Kilo','2026-06-01 10:14:22'),(448,1,162,NULL,'Edit',0,'Edited product variant: Boysen B600 Paint - Red - 2 Kilo','2026-06-01 10:14:22'),(449,1,161,NULL,'Edit',0,'Edited product variant: Boysen B600 Paint - White - 2 Kilo','2026-06-01 10:14:22'),(450,1,160,NULL,'Edit',0,'Edited product variant: Boysen B600 Paint - Green - 2 Kilo','2026-06-01 10:14:22'),(451,1,159,NULL,'Edit',0,'Edited product variant: Boysen B600 Paint - Yellow - 2 Kilo','2026-06-01 10:14:22'),(452,1,158,NULL,'Edit',0,'Edited product variant: Boysen B600 Paint - Pink - 1 Kilo','2026-06-01 10:14:22'),(453,1,157,NULL,'Edit',0,'Edited product variant: Boysen B600 Paint - Black - 1 Kilo','2026-06-01 10:14:22'),(454,1,156,NULL,'Edit',0,'Edited product variant: Boysen B600 Paint - Red - 1 Kilo','2026-06-01 10:14:22'),(455,1,152,NULL,'Edit',0,'Edited product variant: Boysen B600 Paint - Yellow - 1 Kilo','2026-06-01 10:14:22'),(456,1,151,NULL,'Edit',0,'Edited product variant: Boysen B600 Paint - Green - 1 Kilo','2026-06-01 10:14:22'),(457,1,150,NULL,'Edit',0,'Edited product variant: Boysen B600 Paint - White - 1 Kilo','2026-06-01 10:14:22'),(458,1,143,NULL,'Edit',0,'Edited product: Extension','2026-06-01 18:49:33'),(459,1,111,NULL,'Edit',0,'Edited product: Circuit Breaker','2026-06-02 14:45:31'),(460,1,NULL,70,'Supplier Edit',0,'Edited supplier: Trading','2026-06-02 16:13:33'),(464,1,123,NULL,'Edit',0,'Edited product: GI Sheet','2026-06-03 09:37:43'),(465,1,7,NULL,'Archive',0,'Archived product ID: 7','2026-06-03 09:42:45'),(466,1,199,NULL,'Archive',0,'Archived product variant: undefined','2026-06-03 18:28:32'),(467,1,198,NULL,'Archive',0,'Archived product variant: undefined','2026-06-03 18:28:32'),(468,1,197,NULL,'Archive',0,'Archived product variant: undefined','2026-06-03 18:28:32'),(469,1,196,NULL,'Edit',0,'Edited product variant: LED Bulb  - 24W','2026-06-03 19:00:12'),(470,1,196,NULL,'Stock Adjustment',-2,'Stock adjusted for variant: LED Bulb  - 24W (-2)','2026-06-03 19:00:12'),(471,1,191,NULL,'Edit',0,'Edited product variant: LED Bulb  - 20W','2026-06-03 19:00:12'),(472,1,190,NULL,'Edit',0,'Edited product variant: LED Bulb  - 16W','2026-06-03 19:00:12'),(473,1,109,NULL,'Edit',0,'Edited product variant: LED Bulb  - 12W','2026-06-03 19:00:12'),(474,9,200,NULL,'Add',25,'Added product variant: Boysen B600 Pain - Pink - 1 Kilo','2026-06-03 19:17:51'),(475,1,NULL,8,'Supplier Edit',0,'Restored supplier ID: 8','2026-06-04 09:15:37'),(476,1,201,NULL,'Add',25,'Added product: Mouse','2026-06-04 16:42:17');
/*!40000 ALTER TABLE `inventory_record` ENABLE KEYS */;
UNLOCK TABLES;

--
-- Table structure for table `payment_log`
--

DROP TABLE IF EXISTS `payment_log`;
/*!40101 SET @saved_cs_client     = @@character_set_client */;
/*!50503 SET character_set_client = utf8mb4 */;
CREATE TABLE `payment_log` (
  `paymentID` int NOT NULL AUTO_INCREMENT,
  `transactionCode` varchar(50) NOT NULL,
  `dueDate` date DEFAULT NULL,
  `amountDue` decimal(12,2) DEFAULT '0.00',
  `cashAmount` decimal(12,2) DEFAULT '0.00',
  `digitalAmount` decimal(12,2) DEFAULT '0.00',
  `paymentDate` datetime DEFAULT NULL,
  `paymentMethod` varchar(50) DEFAULT NULL,
  `referenceNumber` varchar(100) DEFAULT NULL,
  `status` varchar(20) DEFAULT 'Scheduled',
  `paymentType` varchar(20) DEFAULT 'Installment',
  PRIMARY KEY (`paymentID`)
) ENGINE=InnoDB AUTO_INCREMENT=159 DEFAULT CHARSET=utf8mb4 COLLATE=utf8mb4_0900_ai_ci;
/*!40101 SET character_set_client = @saved_cs_client */;

--
-- Dumping data for table `payment_log`
--

LOCK TABLES `payment_log` WRITE;
/*!40000 ALTER TABLE `payment_log` DISABLE KEYS */;
INSERT INTO `payment_log` VALUES (1,'UT-053026-0011',NULL,0.00,440.00,0.00,'2026-05-30 13:49:29','Cash',NULL,'Paid','Initial'),(2,'UT-20260510-225432',NULL,0.00,800.00,0.00,'2026-05-10 22:54:32','Legacy',NULL,'Paid','Initial'),(3,'UT-20260510-225618',NULL,0.00,1000.00,0.00,'2026-05-10 22:56:18','Legacy',NULL,'Paid','Initial'),(4,'UT-20260510-235753',NULL,0.00,25.00,0.00,'2026-05-10 23:57:53','Legacy',NULL,'Paid','Initial'),(5,'UT-20260510-235810',NULL,0.00,25.00,0.00,'2026-05-10 23:58:10','Legacy',NULL,'Paid','Initial'),(6,'UT-20260510-235911',NULL,0.00,100.00,0.00,'2026-05-10 23:59:11','Legacy',NULL,'Paid','Initial'),(7,'UT-20260510-000005',NULL,0.00,25.00,0.00,'2026-05-11 00:00:05','Legacy',NULL,'Paid','Initial'),(8,'UT-20260510-000056',NULL,0.00,25.00,0.00,'2026-05-11 00:00:56','Legacy',NULL,'Paid','Initial'),(9,'UT-20260510-000207',NULL,0.00,132.00,0.00,'2026-05-11 00:02:07','Legacy',NULL,'Paid','Initial'),(10,'UT-20260510-000317',NULL,0.00,0.00,300.00,'2026-05-11 00:03:17','Legacy',NULL,'Paid','Initial'),(11,'UT-20260510-000351',NULL,0.00,0.00,1822.00,'2026-05-11 00:03:51','Legacy',NULL,'Paid','Initial'),(12,'UT-20260510-002853',NULL,0.00,1329.00,0.00,'2026-05-11 00:28:53','Legacy',NULL,'Paid','Initial'),(13,'UT-20260510-003537',NULL,0.00,886.00,0.00,'2026-05-11 00:35:37','Legacy',NULL,'Paid','Initial'),(14,'UT-20260510-010311',NULL,0.00,147.00,0.00,'2026-05-11 01:03:11','Legacy',NULL,'Paid','Initial'),(15,'UT-20260510-013443',NULL,0.00,687.00,0.00,'2026-05-11 01:34:43','Legacy',NULL,'Paid','Initial'),(16,'UT-20260510-020600',NULL,0.00,25.00,0.00,'2026-05-11 02:06:00','Legacy',NULL,'Paid','Initial'),(17,'UT-20260510-020841',NULL,0.00,321.00,0.00,'2026-05-11 02:08:41','Legacy',NULL,'Paid','Initial'),(18,'UT-20260510-020953',NULL,0.00,25.00,0.00,'2026-05-11 02:09:53','Legacy',NULL,'Paid','Initial'),(19,'UT-20260510-021101',NULL,0.00,132.00,0.00,'2026-05-11 02:11:01','Legacy',NULL,'Paid','Initial'),(20,'UT-20260510-021155',NULL,0.00,122.00,0.00,'2026-05-11 02:11:55','Legacy',NULL,'Paid','Initial'),(21,'UT-20260510-021351',NULL,0.00,132.00,0.00,'2026-05-11 02:13:51','Legacy',NULL,'Paid','Initial'),(22,'UT-20260510-021636',NULL,0.00,0.00,321.00,'2026-05-11 02:16:36','Legacy',NULL,'Paid','Initial'),(23,'UT-20260510-022201',NULL,0.00,122.00,0.00,'2026-05-11 02:22:01','Legacy',NULL,'Paid','Initial'),(24,'UT-20260510-022523',NULL,0.00,122.00,0.00,'2026-05-11 02:25:23','Legacy',NULL,'Paid','Initial'),(25,'UT-20260510-023628',NULL,0.00,122.00,0.00,'2026-05-11 02:36:28','Legacy',NULL,'Paid','Initial'),(26,'UT-20260510-023808',NULL,0.00,132.00,0.00,'2026-05-11 02:38:08','Legacy',NULL,'Paid','Initial'),(27,'UT-20260510-023947',NULL,0.00,321.00,0.00,'2026-05-11 02:39:47','Legacy',NULL,'Paid','Initial'),(28,'UT-20260510-024406',NULL,0.00,321.00,0.00,'2026-05-11 02:44:06','Legacy',NULL,'Paid','Initial'),(29,'UT-20260510-024534',NULL,0.00,321.00,0.00,'2026-05-11 02:45:34','Legacy',NULL,'Paid','Initial'),(30,'UT-20260510-024824',NULL,0.00,321.00,0.00,'2026-05-11 02:48:24','Legacy',NULL,'Paid','Initial'),(31,'UT-20260510-035021',NULL,0.00,-0.55,75.55,'2026-05-11 03:50:21','Legacy',NULL,'Paid','Initial'),(32,'UT-20260510-035759',NULL,0.00,244.00,0.00,'2026-05-11 03:57:59','Legacy',NULL,'Paid','Initial'),(33,'UT-20260510-035858',NULL,0.00,122.00,0.00,'2026-05-11 03:58:58','Legacy',NULL,'Paid','Initial'),(34,'UT-20260510-035953',NULL,0.00,25.00,0.00,'2026-05-11 03:59:53','Legacy',NULL,'Paid','Initial'),(35,'UT-20260510-040201',NULL,0.00,25.00,0.00,'2026-05-11 04:02:01','Legacy',NULL,'Paid','Initial'),(36,'UT-20260510-040252',NULL,0.00,25.00,0.00,'2026-05-11 04:02:53','Legacy',NULL,'Paid','Initial'),(37,'UT-20260510-040436',NULL,0.00,25.00,0.00,'2026-05-11 04:04:36','Legacy',NULL,'Paid','Initial'),(38,'UT-20260510-040505',NULL,0.00,25.00,0.00,'2026-05-11 04:05:05','Legacy',NULL,'Paid','Initial'),(39,'UT-20260510-040742',NULL,0.00,25.00,0.00,'2026-05-11 04:07:42','Legacy',NULL,'Paid','Initial'),(40,'UT-20260510-040801',NULL,0.00,0.00,25.00,'2026-05-11 04:08:01','Legacy',NULL,'Paid','Initial'),(41,'UT-20260510-051942',NULL,0.00,50.00,0.00,'2026-05-11 05:19:42','Legacy',NULL,'Paid','Initial'),(42,'UT-20260510-052648',NULL,0.00,25.00,0.00,'2026-05-11 05:26:48','Legacy',NULL,'Paid','Initial'),(43,'UT-20260510-053736',NULL,0.00,122.00,0.00,'2026-05-11 05:37:36','Legacy',NULL,'Paid','Initial'),(44,'UT-20260511-122805',NULL,0.00,322.00,0.00,'2026-05-11 12:28:05','Legacy',NULL,'Paid','Initial'),(45,'UT-20260511-123306',NULL,0.00,444.00,0.00,'2026-05-11 12:33:06','Legacy',NULL,'Paid','Initial'),(46,'UT-20260511-133118',NULL,0.00,488.00,0.00,'2026-05-11 13:31:18','Legacy',NULL,'Paid','Initial'),(47,'UT-20260511-134215',NULL,0.00,122.00,0.00,'2026-05-11 13:42:15','Legacy',NULL,'Paid','Initial'),(48,'UT-20260511-134235',NULL,0.00,366.00,0.00,'2026-05-11 13:42:35','Legacy',NULL,'Paid','Initial'),(49,'UT-20260511-155807',NULL,0.00,100.00,0.00,'2026-05-11 15:58:07','Legacy',NULL,'Paid','Initial'),(50,'UT-20260512-083234',NULL,0.00,100.00,0.00,'2026-05-12 08:32:34','Legacy',NULL,'Paid','Initial'),(51,'UT-20260512-084124',NULL,0.00,500.00,100.00,'2026-05-12 08:41:24','Legacy',NULL,'Paid','Initial'),(52,'UT-20260512-203218',NULL,0.00,100.00,0.00,'2026-05-12 20:32:18','Legacy',NULL,'Paid','Initial'),(53,'UT-20260512-203243',NULL,0.00,100.00,100.00,'2026-05-12 20:32:43','Legacy',NULL,'Paid','Initial'),(54,'UT-20260512-203539',NULL,0.00,300.00,0.00,'2026-05-12 20:35:39','Legacy',NULL,'Paid','Initial'),(55,'UT-20260512-203904',NULL,0.00,366.00,0.00,'2026-05-12 20:39:04','Legacy',NULL,'Paid','Initial'),(56,'UT-20260512-203927',NULL,0.00,300.00,0.00,'2026-05-12 20:39:27','Legacy',NULL,'Paid','Initial'),(57,'UT-20260512-203945',NULL,0.00,300.00,0.00,'2026-05-12 20:39:45','Legacy',NULL,'Paid','Initial'),(58,'UT-20260512-204241',NULL,0.00,200.00,0.00,'2026-05-12 20:42:41','Legacy',NULL,'Paid','Initial'),(59,'UT-20260512-204353',NULL,0.00,100.00,0.00,'2026-05-12 20:43:53','Legacy',NULL,'Paid','Initial'),(60,'UT-20260512-205422',NULL,0.00,100.00,0.00,'2026-05-12 20:54:22','Legacy',NULL,'Paid','Initial'),(61,'UT-20260512-205453',NULL,0.00,676.00,0.00,'2026-05-12 20:54:53','Legacy',NULL,'Paid','Initial'),(62,'UT-20260512-205624',NULL,0.00,354.00,0.00,'2026-05-12 20:56:24','Legacy',NULL,'Paid','Initial'),(63,'UT-20260512-205712',NULL,0.00,376.00,0.00,'2026-05-12 20:57:12','Legacy',NULL,'Paid','Initial'),(64,'UT-20260512-210303',NULL,0.00,400.00,0.00,'2026-05-12 21:03:03','Legacy',NULL,'Paid','Initial'),(65,'UT-20260512-210555',NULL,0.00,132.00,0.00,'2026-05-12 21:05:55','Legacy',NULL,'Paid','Initial'),(66,'UT-20260512-210658',NULL,0.00,122.00,0.00,'2026-05-12 21:06:58','Legacy',NULL,'Paid','Initial'),(67,'UT-20260512-210900',NULL,0.00,122.00,0.00,'2026-05-12 21:09:00','Legacy',NULL,'Paid','Initial'),(68,'UT-20260512-211613',NULL,0.00,122.00,0.00,'2026-05-12 21:16:13','Legacy',NULL,'Paid','Initial'),(69,'UT-20260512-211728',NULL,0.00,122.00,0.00,'2026-05-12 21:17:28','Legacy',NULL,'Paid','Initial'),(70,'UT-20260512-212244',NULL,0.00,122.00,0.00,'2026-05-12 21:22:44','Legacy',NULL,'Paid','Initial'),(71,'UT-20260512-213241',NULL,0.00,122.00,0.00,'2026-05-12 21:32:41','Legacy',NULL,'Paid','Initial'),(72,'UT-20260512-213317',NULL,0.00,22.00,100.00,'2026-05-12 21:33:17','Legacy',NULL,'Paid','Initial'),(73,'UT-20260512-213459',NULL,0.00,132.00,0.00,'2026-05-12 21:34:59','Legacy',NULL,'Paid','Initial'),(74,'UT-20260512-213643',NULL,0.00,100.00,22.00,'2026-05-12 21:36:43','Legacy',NULL,'Paid','Initial'),(75,'UT-20260512-213915',NULL,0.00,132.00,0.00,'2026-05-12 21:39:15','Legacy',NULL,'Paid','Initial'),(76,'UT-20260512-214058',NULL,0.00,132.00,0.00,'2026-05-12 21:40:58','Legacy',NULL,'Paid','Initial'),(77,'UT-20260512-214838',NULL,0.00,50.00,250.00,'2026-05-12 21:48:38','Legacy',NULL,'Paid','Initial'),(78,'UT-20260512-015304',NULL,0.00,540.00,0.00,'2026-05-13 01:53:04','Legacy',NULL,'Paid','Initial'),(79,'UTE-20260512-015814',NULL,0.00,600.00,0.00,'2026-05-13 01:58:14','Legacy',NULL,'Paid','Initial'),(80,'UT-20260512-015941',NULL,0.00,360.00,0.00,'2026-05-13 01:59:41','Legacy',NULL,'Paid','Initial'),(81,'UTE-20260512-022844',NULL,0.00,400.00,0.00,'2026-05-13 02:28:44','Legacy',NULL,'Paid','Initial'),(82,'UTE-20260512-023009',NULL,0.00,600.00,0.00,'2026-05-13 02:30:09','Legacy',NULL,'Paid','Initial'),(83,'UTE-20260512-024030',NULL,0.00,50.00,0.00,'2026-05-13 02:40:30','Legacy',NULL,'Paid','Initial'),(84,'UTE-20260512-024124',NULL,0.00,500.00,0.00,'2026-05-13 02:41:24','Legacy',NULL,'Paid','Initial'),(85,'UT-20260512-024444',NULL,0.00,122.00,0.00,'2026-05-13 02:44:44','Legacy',NULL,'Paid','Initial'),(86,'UTE-20260512-024718',NULL,0.00,500.00,0.00,'2026-05-13 02:47:18','Legacy',NULL,'Paid','Initial'),(87,'UTE-20260512-030103',NULL,0.00,100.00,0.00,'2026-05-13 03:01:03','Legacy',NULL,'Paid','Initial'),(88,'UTE-20260512-031454',NULL,0.00,400.00,0.00,'2026-05-13 03:14:54','Legacy',NULL,'Paid','Initial'),(89,'UT-20260512-031514',NULL,0.00,180.00,0.00,'2026-05-13 03:15:14','Legacy',NULL,'Paid','Initial'),(90,'UT-20260513-205847',NULL,0.00,400.00,0.00,'2026-05-13 20:58:47','Legacy',NULL,'Paid','Initial'),(91,'UT-20260514-190522',NULL,0.00,400.00,0.00,'2026-05-14 19:05:22','Legacy',NULL,'Paid','Initial'),(92,'UTE-20260515-105321',NULL,0.00,1000.00,0.00,'2026-05-15 10:53:21','Legacy',NULL,'Paid','Initial'),(93,'UTE-20260515-105733',NULL,0.00,1000.00,0.00,'2026-05-15 10:57:33','Legacy',NULL,'Paid','Initial'),(94,'UTE-20260515-105909',NULL,0.00,500.00,0.00,'2026-05-15 10:59:09','Legacy',NULL,'Paid','Initial'),(95,'UT-20260515-105947',NULL,0.00,0.00,400.00,'2026-05-15 10:59:47','Legacy',NULL,'Paid','Initial'),(96,'UTE-20260515-111023',NULL,0.00,500.00,0.00,'2026-05-15 11:10:23','Legacy',NULL,'Paid','Initial'),(97,'UT-20260515-111911',NULL,0.00,400.00,0.00,'2026-05-15 11:19:11','Legacy',NULL,'Paid','Initial'),(98,'UT-20260515-111951',NULL,0.00,600.00,0.00,'2026-05-15 11:19:51','Legacy',NULL,'Paid','Initial'),(99,'UT-20260515-112039',NULL,0.00,400.00,0.00,'2026-05-15 11:20:39','Legacy',NULL,'Paid','Initial'),(100,'UT-20260515-112133',NULL,0.00,360.00,0.00,'2026-05-15 11:21:33','Legacy',NULL,'Paid','Initial'),(101,'UT-20260517-101327',NULL,0.00,200.00,0.00,'2026-05-17 10:13:27','Legacy',NULL,'Paid','Initial'),(102,'UT-20260520-011019',NULL,0.00,600.00,0.00,'2026-05-21 01:10:19','Legacy',NULL,'Paid','Initial'),(103,'UT-20260520-012007',NULL,0.00,600.00,0.00,'2026-05-21 01:20:07','Legacy',NULL,'Paid','Initial'),(104,'UT-20260520-075237',NULL,0.00,2672.00,0.00,'2026-05-21 07:52:37','Legacy',NULL,'Paid','Initial'),(105,'UT-20260521-090344',NULL,0.00,0.00,254.80,'2026-05-21 09:03:45','Legacy',NULL,'Paid','Initial'),(106,'UTE-20260521-090833 (Orig: 5)',NULL,0.00,50.00,0.00,'2026-05-21 09:08:33','Legacy',NULL,'Paid','Initial'),(107,'UT-20260521-064025',NULL,0.00,1622.00,0.00,'2026-05-22 06:40:25','Legacy',NULL,'Paid','Initial'),(108,'UT-20260522-153949',NULL,0.00,14056.00,0.00,'2026-05-22 15:39:49','Legacy',NULL,'Paid','Initial'),(109,'UT-20260523-133202',NULL,0.00,0.00,40800.00,'2026-05-23 13:32:02','Legacy',NULL,'Paid','Initial'),(110,'UT-052526-0001',NULL,0.00,244.00,0.00,'2026-05-25 23:25:43','Legacy',NULL,'Paid','Initial'),(111,'UT-052526-0002',NULL,0.00,30.00,0.00,'2026-05-25 23:30:58','Legacy',NULL,'Paid','Initial'),(112,'UT-052626-0001',NULL,0.00,60.00,0.00,'2026-05-26 00:54:26','Legacy',NULL,'Paid','Initial'),(113,'UT-052826-0001',NULL,0.00,1080.00,0.00,'2026-05-28 09:10:10','Legacy',NULL,'Paid','Initial'),(114,'UT-052826-0002',NULL,0.00,400.00,0.00,'2026-05-28 09:11:40','Legacy',NULL,'Paid','Initial'),(115,'UT-052926-0001',NULL,0.00,642.00,0.00,'2026-05-29 10:31:49','Legacy',NULL,'Paid','Initial'),(116,'UT-052926-0002',NULL,0.00,1743.00,0.00,'2026-05-29 10:34:21','Legacy',NULL,'Paid','Initial'),(117,'UT-052926-0003',NULL,0.00,400.00,0.00,'2026-05-29 10:34:37','Legacy',NULL,'Paid','Initial'),(118,'UT-053026-0001',NULL,0.00,0.00,5855.00,'2026-05-30 08:54:11','Legacy',NULL,'Paid','Initial'),(119,'UT-053026-0002',NULL,0.00,5140.00,0.00,'2026-05-30 09:06:19','Legacy',NULL,'Paid','Initial'),(120,'UT-053026-0003',NULL,0.00,48000.00,0.00,'2026-05-30 11:40:38','Legacy',NULL,'Paid','Initial'),(121,'UT-053026-0004',NULL,0.00,16500.00,0.00,'2026-05-30 11:42:27','Legacy',NULL,'Paid','Initial'),(122,'UT-053026-0005',NULL,0.00,700.00,0.00,'2026-05-30 11:51:21','Legacy',NULL,'Paid','Initial'),(123,'UT-053026-0006',NULL,0.00,1560.00,0.00,'2026-05-30 12:44:11','Legacy',NULL,'Paid','Initial'),(124,'UT-053026-0007',NULL,0.00,750.00,0.00,'2026-05-30 12:47:29','Legacy',NULL,'Paid','Initial'),(125,'UT-053026-0008',NULL,0.00,855.00,0.00,'2026-05-30 12:50:20','Legacy',NULL,'Paid','Initial'),(126,'UT-053026-0009',NULL,0.00,9600.00,0.00,'2026-05-30 13:12:50','Legacy',NULL,'Paid','Initial'),(127,'UT-053026-0010',NULL,0.00,1200.00,0.00,'2026-05-30 13:15:31','Legacy',NULL,'Paid','Initial'),(129,'UT-053026-0012',NULL,0.00,880.00,0.00,'2026-05-30 14:22:52','Cash',NULL,'Paid','Settlement'),(130,'UT-053026-0013',NULL,0.00,0.00,6725.00,'2026-05-30 15:37:29','Bank Transfer','18289389218','Paid','Initial'),(131,'UT-053026-0014','2026-06-30',500.66,0.00,0.00,NULL,NULL,NULL,'Scheduled','Installment'),(132,'UT-053026-0014','2026-07-30',500.66,0.00,0.00,NULL,NULL,NULL,'Scheduled','Installment'),(133,'UT-053026-0014','2026-08-30',500.68,0.00,0.00,NULL,NULL,NULL,'Scheduled','Installment'),(134,'UT-053026-0015','2026-06-06',1261.33,0.00,0.00,NULL,NULL,NULL,'Scheduled','Installment'),(135,'UT-053026-0015','2026-06-13',1261.33,0.00,0.00,NULL,NULL,NULL,'Scheduled','Installment'),(136,'UT-053026-0015','2026-06-20',1261.34,0.00,0.00,NULL,NULL,NULL,'Scheduled','Installment'),(137,'UT-053026-0016','2026-06-30',221.66,221.66,0.00,'2026-05-30 16:33:40','Cash',NULL,'Paid','Installment'),(138,'UT-053026-0016','2026-07-30',221.66,0.00,0.00,NULL,NULL,NULL,'Scheduled','Installment'),(139,'UT-053026-0016','2026-08-30',221.68,0.00,0.00,NULL,NULL,NULL,'Scheduled','Installment'),(140,'UT-053126-0001',NULL,0.00,3503.00,0.00,'2026-05-31 03:22:58','Cash',NULL,'Paid','Initial'),(141,'UT-052926-0004',NULL,0.00,300.00,0.00,'2026-06-01 10:04:20','Cash',NULL,'Paid','Settlement'),(142,'UT-060126-0001',NULL,0.00,2250.00,0.00,'2026-06-01 18:40:31','Cash',NULL,'Paid','Initial'),(143,'UT-060326-0001',NULL,0.00,1830.00,0.00,'2026-06-03 08:28:23','Cash',NULL,'Paid','Initial'),(144,'UT-060326-0002',NULL,0.00,880.00,0.00,'2026-06-03 09:38:56','Cash',NULL,'Paid','Initial'),(145,'UT-060326-0003',NULL,0.00,488.00,0.00,'2026-06-03 09:40:08','Cash',NULL,'Paid','Initial'),(146,'UT-060326-0004',NULL,0.00,8950.00,0.00,'2026-06-03 10:36:05','Cash',NULL,'Paid','Initial'),(147,'UT-060326-0005',NULL,0.00,5852.00,0.00,'2026-06-03 10:41:52','Cash',NULL,'Paid','Initial'),(148,'UTR-060326-0001 (Orig: UT-060126-0001)',NULL,0.00,-900.00,0.00,'2026-06-03 10:43:43','Cash',NULL,'Paid','Adjustment'),(149,'UTE-060326-0001 (Orig: UT-060126-0001)',NULL,0.00,300.00,0.00,'2026-06-03 10:44:48','Cash',NULL,'Paid','Adjustment'),(150,'UT-060326-0006',NULL,0.00,2596.00,0.00,'2026-06-03 18:33:00','Cash',NULL,'Paid','Initial'),(151,'UTE-060326-0002 (Orig: 4000)',NULL,0.00,400.00,0.00,'2026-06-03 18:33:43','Cash',NULL,'Paid','Adjustment'),(152,'UT-060526-0001',NULL,0.00,0.00,19020.00,'2026-06-05 15:35:55','E-wallet','121312313213','Paid','Initial'),(153,'UT-060626-0001','2026-06-20',4273.00,0.00,0.00,NULL,NULL,NULL,'Scheduled','Installment'),(154,'UT-060626-0001','2026-07-04',4273.00,0.00,0.00,NULL,NULL,NULL,'Scheduled','Installment'),(155,'UT-060626-0001','2026-07-18',4273.00,0.00,0.00,NULL,NULL,NULL,'Scheduled','Installment'),(156,'UT-060626-0002','2026-07-06',7625.00,0.00,0.00,NULL,NULL,NULL,'Scheduled','Installment'),(157,'UT-060626-0002','2026-08-06',7625.00,0.00,0.00,NULL,NULL,NULL,'Scheduled','Installment'),(158,'UT-060626-0002','2026-09-06',7625.00,0.00,0.00,NULL,NULL,NULL,'Scheduled','Installment');
/*!40000 ALTER TABLE `payment_log` ENABLE KEYS */;
UNLOCK TABLES;

--
-- Table structure for table `product`
--

DROP TABLE IF EXISTS `product`;
/*!40101 SET @saved_cs_client     = @@character_set_client */;
/*!50503 SET character_set_client = utf8mb4 */;
CREATE TABLE `product` (
  `productID` int NOT NULL AUTO_INCREMENT,
  `productName` varchar(250) NOT NULL,
  `barcode` varchar(50) NOT NULL,
  `category` varchar(50) NOT NULL,
  `stockQuantity` int NOT NULL,
  `initialPrice` decimal(10,2) DEFAULT NULL,
  `price` decimal(10,2) NOT NULL,
  `brand` varchar(50) DEFAULT NULL,
  `productDescription` varchar(250) DEFAULT NULL,
  `imagePath` varchar(255) DEFAULT NULL,
  `isActive` tinyint DEFAULT '1',
  `lowStockThreshold` int NOT NULL DEFAULT '10',
  `variantOptions` varchar(255) DEFAULT NULL,
  PRIMARY KEY (`productID`),
  UNIQUE KEY `barcode` (`barcode`)
) ENGINE=InnoDB AUTO_INCREMENT=202 DEFAULT CHARSET=utf8mb4 COLLATE=utf8mb4_0900_ai_ci;
/*!40101 SET character_set_client = @saved_cs_client */;

--
-- Dumping data for table `product`
--

LOCK TABLES `product` WRITE;
/*!40000 ALTER TABLE `product` DISABLE KEYS */;
INSERT INTO `product` VALUES (4,'a','839718491606','Tools',5,NULL,321.00,'a','a',NULL,0,10,NULL),(5,'Pliers','810214611864','Tools',0,NULL,243.00,'stan','a',NULL,0,10,NULL),(7,'afgd','607248794507','Tools',24,100.00,122.00,'aaf','adfafasdf','/uploads/prod-1777902814503-608510683.png',0,25,NULL),(8,'hammer','919803966410','Tools',18,150.00,200.00,'a','afdasfads','/uploads/prod-1779419382503-975052032.png',1,10,NULL),(9,'cement','539883117643','Cement',19,105.00,132.00,'afsdf','da',NULL,1,10,NULL),(11,'screw','922609445897','Tools',25,NULL,20.00,'no','afdadsfdaffdsaf sd ',NULL,0,10,NULL),(12,'adfadf','116295678659','Tools',17,NULL,200.00,'dd','dfadfdasfdfadf',NULL,0,10,NULL),(13,'screw','260576814891','Tools',22,NULL,25.00,'','daafsdfdaf asfef aewfv avarvefvf',NULL,0,10,NULL),(14,'adfadf','422965216416','Tools',23,NULL,123.00,'sa','adfasdfdafdf',NULL,0,10,NULL),(15,'dfada','488921853460','Tools',15,100.00,122.00,'dfa','sasdfsdfadsfasfd',NULL,1,10,NULL),(16,'fsgsfdgd','838775778555','Tools',25,NULL,243.00,'sfafdas','sdfgsfdgsfgd',NULL,0,10,NULL),(17,'adsfdsaf','845175188138','Tools',25,NULL,3141.00,'dsfadsf','afsdfadsfdsf',NULL,0,10,NULL),(18,'asdfasdfdasf','861149923592','Tools',34,70.00,100.00,'adfs','adfadsfad ',NULL,1,10,NULL),(19,'Pliers','071596141272','Tools',31,100.00,180.00,'Stanley','gaofd hafdj dkafh ahf iadhfs jkhfduka hkflhdkjafh jdsfh kjadfh jkadfh kdfaj lkadjfdhsfahfkf adklj fh kjfahakf lkafjlkdf jkla fjlfkdjs klfjioas fiofhfhfa fsdldajs',NULL,1,8,NULL),(20,'aa','764718402546','Tools',28,119.00,200.00,'aa','a fdafsf asf dasf a fa fdfsa sdfsa fdf adf asdf adf',NULL,0,10,NULL),(21,'paintbrush','771049633641','Steel',75,120.00,200.00,'adssda','dsfadsf dasfaf daf adf asf dasf asf',NULL,1,11,NULL),(22,'Safety Gloves - Extra Large','919360289732','Safety & PPE',57,30.00,50.00,NULL,NULL,'/uploads/prod-1780279906057-570233654.png',1,10,'[{\"name\":\"Size\",\"values\":[]}]'),(23,'A','610362314347','Tools',21,200.00,220.00,'','',NULL,1,10,NULL),(74,'Claw Hammer','200000000001','Tools',64,300.00,350.00,'Stanley','Heavy duty claw hammer','images/hammer.jpg',1,10,NULL),(75,'Flat Screwdriver','200000000002','Tools',78,90.00,120.00,'Bosch','Flat head screwdriver','images/screwdriver_flat.jpg',1,15,NULL),(76,'Phillips Screwdriver','200000000003','Tools',90,90.00,120.00,'Bosch','Phillips screwdriver','images/screwdriver_phillips.jpg',1,15,NULL),(77,'Adjustable Wrench','200000000004','Tools',53,400.00,450.00,'Ingco','Adjustable steel wrench','images/wrench.jpg',1,10,NULL),(78,'Measuring Tape','200000000005','Tools',68,150.00,180.00,'Stanley','5-meter measuring tape','images/tape.jpg',1,10,NULL),(79,'Hand Saw','200000000006','Tools',45,280.00,320.00,'Lotus','Wood cutting hand saw','images/handsaw.jpg',1,8,NULL),(80,'Pliers','200000000007','Tools',50,190.00,220.00,'Ingco','Combination pliers','images/pliers.jpg',1,10,NULL),(81,'Cordless Drill','200000000008','Tools',23,2900.00,3200.00,'Makita','Rechargeable cordless drill','images/drill.jpg',1,5,NULL),(82,'Utility Knife','200000000009','Tools',96,70.00,90.00,'Olfa','Retractable utility knife','images/knife.jpg',1,20,NULL),(83,'Tool Box','200000000010','Tools',34,780.00,850.00,'Stanley','Plastic toolbox organizer','images/toolbox.jpg',1,5,NULL),(84,'Portland Cement 40kg','200000000011','Cement',92,250.00,285.00,'Holcim','General purpose cement','images/cement1.jpg',1,20,NULL),(85,'Masonry Cement 40kg','200000000012','Cement',77,240.00,275.00,'Republic','Masonry cement mix','images/cement2.jpg',1,20,NULL),(86,'White Cement 25kg','200000000013','Cement',50,350.00,390.00,'Boysen','Decorative white cement','images/cement3.jpg',1,10,NULL),(87,'Quick Dry Cement','200000000014','Cement',40,290.00,320.00,'Holcim','Fast setting cement','images/cement4.jpg',1,10,NULL),(88,'Ready Mix Cement','200000000015','Cement',28,310.00,350.00,'Republic','Pre-mixed cement','images/cement5.jpg',1,8,NULL),(89,'Plywood 1/4','200000000016','Wood',70,600.00,650.00,'Santa Clara','1/4 plywood board','images/plywood1.jpg',1,10,NULL),(90,'Plywood 1/2','200000000017','Wood',43,900.00,1100.00,'Santa Clara','1/2 plywood board','images/plywood2.jpg',1,10,NULL),(91,'Lumber 2x2','200000000018','Wood',90,150.00,180.00,'Wilcon','2x2 lumber wood','images/lumber1.jpg',1,15,NULL),(92,'Lumber 2x4','200000000019','Wood',75,280.00,320.00,'Wilcon','2x4 lumber wood','images/lumber2.jpg',1,15,NULL),(93,'Marine Plywood','200000000020','Wood',39,1350.00,1450.00,'Santa Clara','Water resistant plywood','images/marineply.jpg',1,8,NULL),(94,'Corrugated Roof Sheet','200000000021','Roofing',59,700.00,780.00,'DN Steel','Galvanized roof sheet','images/roof1.jpg',1,10,NULL),(95,'Metal Roof Ridge','200000000022','Roofing',37,380.00,420.00,'ColorRoof','Roof ridge cap','images/ridge.jpg',1,8,NULL),(96,'Roof Sealant','200000000023','Roofing',50,220.00,250.00,'Pioneer','Waterproof roof sealant','images/sealant.jpg',1,10,NULL),(97,'Polycarbonate Sheet','200000000024','Roofing',23,1500.00,1650.00,'Lexan','Transparent roofing sheet','images/poly.jpg',1,5,NULL),(98,'Roofing Nail Pack','200000000025','Roofing',100,75.00,95.00,'Hillman','Roofing nails pack','images/roofnail.jpg',1,20,NULL),(99,'Concrete Hollow Block 4in','200000000026','Bricks',298,15.00,18.00,'ABC Blocks','4-inch CHB','images/chb4.jpg',1,50,NULL),(100,'Concrete Hollow Block 6in','200000000027','Bricks',249,18.00,22.00,'ABC Blocks','6-inch CHB','images/chb6.jpg',1,50,NULL),(101,'Clay Brick','200000000028','Bricks',496,9.00,12.00,'Metro Brick','Red clay brick','images/claybrick.jpg',1,100,NULL),(102,'Paving Brick','200000000029','Bricks',200,22.00,28.00,'Metro Brick','Outdoor paving brick','images/paving.jpg',1,40,NULL),(103,'Fire Brick','200000000030','Bricks',118,45.00,55.00,'HeatSafe','Heat resistant brick','images/firebrick.jpg',1,20,NULL),(104,'Latex Paint White','200000000031','Paints',59,820.00,890.00,'Boysen','Flat white latex paint','images/paint1.jpg',1,10,NULL),(105,'Gloss Paint Red','200000000032','Paints',0,880.00,1200.00,'Davies','Gloss red enamel paint','images/paint2.jpg',1,10,NULL),(106,'Primer Gray','200000000033','Paints',34,700.00,760.00,'Boysen','Metal primer paint','images/primer.jpg',1,8,NULL),(107,'Paint Thinner','200000000034','Paints',78,150.00,180.00,'Davies','Industrial paint thinner','images/thinner.jpg',1,15,NULL),(108,'Paint Roller Set','200000000035','Paints',45,180.00,220.00,'Bosny','Paint roller with tray','images/roller.jpg',1,10,NULL),(109,'LED Bulb  - 12W','200000000036','Electrical',100,95.00,120.00,'Firefly','Energy saving bulb ','/uploads/prod-1780278243046-966712377.jfif',1,20,'[{\"name\":\"Watts\",\"values\":[]}]'),(110,'Electrical Wire 2.0mm','200000000037','Electrical',75,1350.00,1450.00,'Phelps Dodge','Copper electrical wire','images/wire.jpg',1,10,NULL),(111,'Circuit Breaker','200000000038','Electrical',48,450.00,450.00,'Panasonic','20A circuit breaker','images/breaker.jpg',1,10,NULL),(112,'Duplex Outlet','200000000039','Electrical',86,65.00,85.00,'Royu','Standard wall outlet','images/outlet.jpg',1,15,NULL),(113,'Light Switch','200000000040','Electrical',90,55.00,75.00,'Royu','Single gang switch','images/switch.jpg',1,15,NULL),(114,'PVC Pipe 1/2','200000000041','Plumbing',100,95.00,120.00,'Atlanta','PVC pipe 1/2 inch','images/pvc1.jpg',1,20,NULL),(115,'PVC Pipe 1in','200000000042','Plumbing',80,180.00,220.00,'Atlanta','PVC pipe 1 inch','images/pvc2.jpg',1,15,NULL),(116,'Faucet Stainless','200000000043','Plumbing',14,580.00,650.00,'Grohe','Stainless steel faucet','images/faucet.jpg',1,8,NULL),(117,'Toilet Bowl','200000000044','Plumbing',19,2900.00,3200.00,'HCG','Ceramic toilet bowl','images/toilet.jpg',1,5,NULL),(118,'Pipe Elbow','200000000045','Plumbing',150,18.00,25.00,'Atlanta','PVC elbow connector','images/elbow.jpg',1,30,NULL),(119,'Steel Bar 10mm','200000000046','Steel',100,280.00,320.00,'Pagasa','10mm reinforcing steel bar','images/steel10.jpg',1,20,NULL),(120,'Steel Bar 12mm','200000000047','Steel',100,400.00,450.00,'Pagasa','12mm reinforcing steel bar','images/steel12.jpg',1,20,NULL),(121,'Angle Bar - Angle Bar','200000000048','Steel',57,700.00,780.00,'Capitol','Steel angle bar','images/angle.jpg',0,10,'[{\"name\":\"Angle\",\"values\":[]}]'),(122,'Steel Tube','200000000049','Steel',13,850.00,950.00,'Capitol','Hollow steel tube','images/tube.jpg',1,10,NULL),(123,'GI Sheet','200000000050','Steel',18,620.00,750.00,'DN Steel','Galvanized iron sheet','images/gisheet.jpg',1,19,NULL),(124,'Adfadf','175281055360','Tools',25,80.00,100.00,'','',NULL,0,10,NULL),(125,'Paint - Blue - 25kg','748486002050','Tools',25,100.00,120.00,'Boysen',NULL,NULL,0,10,NULL),(126,'Paint - Blue - 1 kg','748486017761','Tools',25,100.00,120.00,'Boysen',NULL,NULL,0,10,NULL),(127,'Paint - Yellow - 25kg','748486025318','Tools',25,100.00,120.00,'Boysen',NULL,NULL,0,10,NULL),(128,'Paint - Yellow - 1 kg','748486037092','Tools',25,100.00,120.00,'Boysen',NULL,NULL,0,10,NULL),(129,'Paint - Yellow - 1kg','459798419984','Tools',32,120.00,180.00,NULL,NULL,NULL,0,10,NULL),(130,'Paint - Blue - 1kg','451348018990','Tools',25,120.00,180.00,NULL,NULL,NULL,0,10,NULL),(131,'Paint - Red - 1kg','451348025364','Tools',25,120.00,180.00,NULL,NULL,NULL,0,10,NULL),(132,'Paint - Green - 1kg','451348031921','Tools',25,120.00,180.00,NULL,NULL,NULL,0,10,NULL),(133,'Paint - Yellow','646303008192','Tools',25,120.00,200.00,'Boysen',NULL,NULL,0,10,NULL),(134,'Paint - Blue','646304013364','Tools',25,120.00,200.00,'Boysen',NULL,NULL,0,10,NULL),(135,'Paint - Blue - Yellow','738740009989','Tools',25,120.00,200.00,'Boysen',NULL,NULL,0,10,NULL),(136,'Paint - Blue - Blue','738740018331','Tools',25,120.00,200.00,'Boysen',NULL,NULL,0,10,NULL),(137,'Paint - Blue - Green','738740029527','Tools',25,120.00,200.00,'Boysen',NULL,NULL,0,10,NULL),(138,'Paint - Blue','980482004501','Tools',25,100.00,120.00,NULL,NULL,NULL,0,10,NULL),(139,'Paint - Yellow','980482014339','Tools',25,100.00,120.00,NULL,NULL,NULL,0,10,NULL),(140,'Paint - Yellow - Blue','008401002863','Tools',25,100.00,120.00,NULL,NULL,NULL,0,10,NULL),(141,'Paint - Yellow - Yellow','008401011847','Tools',25,100.00,120.00,NULL,NULL,NULL,0,10,NULL),(142,'Paint - Yellow - Green','008401024897','Tools',25,100.00,120.00,NULL,NULL,NULL,0,10,NULL),(143,'Extension','071883676399','Electrical',18,200.00,220.00,'','',NULL,1,10,NULL),(144,'Paint - Blue','304781003184','Tools',25,120.00,150.00,'Boysen',NULL,NULL,0,10,NULL),(145,'Paint - Yellow','304781011944','Tools',25,120.00,160.00,'Boysen',NULL,NULL,0,10,NULL),(146,'Paint - Green','304781029265','Tools',25,120.00,150.00,'Boysen',NULL,NULL,0,10,NULL),(147,'Paint - Red','432694038471','Tools',25,120.00,150.00,'Boysen',NULL,NULL,0,10,NULL),(148,'Paint - Red - 1kg','464079008156','Tools',25,120.00,150.00,'Boysen',NULL,NULL,0,10,NULL),(149,'Paint - White','574540045654','Tools',25,120.00,150.00,'Boysen',NULL,NULL,0,10,NULL),(150,'Boysen B600 Paint - White - 1 Kilo','917166084908','Paints',23,120.00,150.00,'Boysen',NULL,'/uploads/prod-1780280062165-816482018.jpg',1,10,'[{\"name\":\"Option 1\",\"values\":[]},{\"name\":\"Option 2\",\"values\":[]}]'),(151,'Boysen B600 Paint - Green - 1 Kilo','917166104743','Paints',25,120.00,150.00,'Boysen',NULL,'/uploads/prod-1780280062165-816482018.jpg',1,10,'[{\"name\":\"Option 1\",\"values\":[]},{\"name\":\"Option 2\",\"values\":[]}]'),(152,'Boysen B600 Paint - Yellow - 1 Kilo','917166121966','Paints',25,120.00,150.00,'Boysen',NULL,'/uploads/prod-1780280062165-816482018.jpg',1,10,'[{\"name\":\"Option 1\",\"values\":[]},{\"name\":\"Option 2\",\"values\":[]}]'),(153,'Paint - Blue - 1 Kilo','917166141516','Tools',25,120.00,150.00,'Boysen',NULL,NULL,0,10,NULL),(154,'Paint - Blue - 2 Kilo','000638082043','Tools',25,120.00,150.00,'Boysen',NULL,NULL,0,10,NULL),(155,'Paint - Blue - 5 Kilos','011299093805','Tools',25,120.00,150.00,'Boysen',NULL,NULL,0,10,NULL),(156,'Boysen B600 Paint - Red - 1 Kilo','519354105173','Paints',23,120.00,150.00,'Boysen',NULL,'/uploads/prod-1780280062165-816482018.jpg',1,10,'[{\"name\":\"Option 1\",\"values\":[]},{\"name\":\"Option 2\",\"values\":[]}]'),(157,'Boysen B600 Paint - Black - 1 Kilo','527591125902','Paints',17,120.00,150.00,'Boysen',NULL,'/uploads/prod-1780280062165-816482018.jpg',1,10,'[{\"name\":\"Option 1\",\"values\":[]},{\"name\":\"Option 2\",\"values\":[]}]'),(158,'Boysen B600 Paint - Pink - 1 Kilo','557030134316','Paints',25,120.00,150.00,'Boysen',NULL,'/uploads/prod-1780280062165-816482018.jpg',1,10,'[{\"name\":\"Option 1\",\"values\":[]},{\"name\":\"Option 2\",\"values\":[]}]'),(159,'Boysen B600 Paint - Yellow - 2 Kilo','564684101295','Paints',24,120.00,150.00,'Boysen',NULL,'/uploads/prod-1780280062165-816482018.jpg',1,10,'[{\"name\":\"Option 1\",\"values\":[]},{\"name\":\"Option 2\",\"values\":[]}]'),(160,'Boysen B600 Paint - Green - 2 Kilo','564684135128','Paints',25,120.00,150.00,'Boysen',NULL,'/uploads/prod-1780280062165-816482018.jpg',1,10,'[{\"name\":\"Option 1\",\"values\":[]},{\"name\":\"Option 2\",\"values\":[]}]'),(161,'Boysen B600 Paint - White - 2 Kilo','564684164381','Paints',25,120.00,150.00,'Boysen',NULL,'/uploads/prod-1780280062165-816482018.jpg',1,10,'[{\"name\":\"Option 1\",\"values\":[]},{\"name\":\"Option 2\",\"values\":[]}]'),(162,'Boysen B600 Paint - Red - 2 Kilo','564684199829','Paints',21,120.00,150.00,'Boysen',NULL,'/uploads/prod-1780280062165-816482018.jpg',1,10,'[{\"name\":\"Option 1\",\"values\":[]},{\"name\":\"Option 2\",\"values\":[]}]'),(163,'Boysen B600 Paint - Black - 2 Kilo','564684227706','Paints',4,120.00,150.00,'Boysen',NULL,'/uploads/prod-1780280062165-816482018.jpg',1,10,'[{\"name\":\"Option 1\",\"values\":[]},{\"name\":\"Option 2\",\"values\":[]}]'),(164,'Boysen B600 Paint - Pink - 2 Kilo','564685251354','Paints',17,120.00,150.00,'Boysen',NULL,'/uploads/prod-1780280062165-816482018.jpg',1,10,'[{\"name\":\"Option 1\",\"values\":[]},{\"name\":\"Option 2\",\"values\":[]}]'),(165,'Nail - 1 inch','551576004445','Tools',25,10.00,15.00,NULL,NULL,NULL,1,10,'[{\"name\":\"Option 1\",\"values\":[]}]'),(166,'Nail - 2 inch','556457021810','Tools',22,10.00,15.00,NULL,NULL,NULL,1,10,'[{\"name\":\"Option 1\",\"values\":[]}]'),(167,'Nail - 2\"','612763005423','Tools',25,10.00,15.00,NULL,NULL,NULL,0,10,NULL),(168,'Nail - 1\"','612763028753','Tools',25,10.00,15.00,NULL,NULL,NULL,0,10,NULL),(169,'Nail - 3 inch','612763046853','Tools',24,10.00,15.00,NULL,NULL,NULL,1,10,'[{\"name\":\"Option 1\",\"values\":[]}]'),(170,'Nail - 4 inch','612763069256','Tools',5,10.00,15.00,NULL,NULL,NULL,1,10,'[{\"name\":\"Option 1\",\"values\":[]}]'),(171,'Nail - 3 - Red','013855006606','Tools',25,10.00,15.00,NULL,NULL,NULL,0,10,NULL),(172,'Nail - 2 - Red','868449009670','Tools',25,10.00,15.00,NULL,NULL,NULL,0,10,NULL),(173,'Nail - dakfjlsdf','181631057267','Tools',25,10.00,15.00,NULL,NULL,NULL,0,10,NULL),(174,'Nut - 1 inch','910434005905','Tools',8,20.00,25.00,'afd',NULL,NULL,1,10,'[{\"name\":\"Size\",\"values\":[]},{\"name\":\"Color\",\"values\":[]}]'),(175,'Nut - 2 inch','912266025032','Tools',25,20.00,25.00,'afd',NULL,NULL,1,10,'[{\"name\":\"Size\",\"values\":[]},{\"name\":\"Color\",\"values\":[]}]'),(176,'Nut - 3 inch','914071045478','Tools',25,20.00,25.00,'afd',NULL,NULL,1,10,'[{\"name\":\"Size\",\"values\":[]},{\"name\":\"Color\",\"values\":[]}]'),(177,'Nut - 4 inch','171749037130','Tools',23,20.00,25.00,'afd',NULL,NULL,1,10,'[{\"name\":\"Size\",\"values\":[]},{\"name\":\"Color\",\"values\":[]}]'),(178,'Nut - 5 inch','508023043030','Tools',25,20.00,25.00,'afd',NULL,NULL,1,10,'[{\"name\":\"Size\",\"values\":[]},{\"name\":\"Color\",\"values\":[]}]'),(179,'Something - White - 20kg','311999008239','Steel',120,280.00,320.00,'Pagasa','Something',NULL,0,20,'[{\"name\":\"Color\",\"values\":[]},{\"name\":\"Size\",\"values\":[]}]'),(180,'Something - Silver - 10kg','222168015174','Steel',120,300.00,350.00,'Pagasa','Something',NULL,0,20,'[{\"name\":\"Color\",\"values\":[]},{\"name\":\"Size\",\"values\":[]}]'),(181,'Hfjdsafhkj','287325299540','Tools',25,80.00,100.00,'ijasoijf','ahfjdhfkf\r\n',NULL,0,10,NULL),(182,'Nut - 6 inch - White','319819059500','Tools',32,20.00,25.00,'afd',NULL,NULL,1,10,'[{\"name\":\"Size\",\"values\":[]},{\"name\":\"Color\",\"values\":[]}]'),(183,'Something - Blue - 20kg','547603021160','Steel',128,280.00,320.00,'Pagasa','Something',NULL,0,20,'[{\"name\":\"Color\",\"values\":[]},{\"name\":\"Size\",\"values\":[]}]'),(184,'Safety Gloves - Small','567022007279','Safety & PPE',25,20.00,30.00,NULL,NULL,'/uploads/prod-1780279906057-570233654.png',1,10,'[{\"name\":\"Size\",\"values\":[]}]'),(185,'Safety Gloves - Medium','569278029232','Safety & PPE',25,25.00,35.00,NULL,NULL,'/uploads/prod-1780279906057-570233654.png',1,10,'[{\"name\":\"Size\",\"values\":[]}]'),(186,'Safety Gloves - Large','570432048592','Safety & PPE',23,30.00,40.00,NULL,NULL,'/uploads/prod-1780279906057-570233654.png',1,10,'[{\"name\":\"Size\",\"values\":[]}]'),(187,'Something - Large','598638005965','Steel',120,280.00,320.00,'Pagasa','Something',NULL,0,20,'[{\"name\":\"Color\",\"values\":[]},{\"name\":\"Size\",\"values\":[]}]'),(188,'Angle Bar - 90','701055001766','Steel',30,700.00,780.00,'Capitol','Steel angle bar','/uploads/prod-1780279963921-843396538.jfif',1,10,'[{\"name\":\"Angle\",\"values\":[]}]'),(189,'Angle Bar - 120','704252029100','Steel',47,700.00,780.00,'Capitol','Steel angle bar','/uploads/prod-1780279963921-843396538.jfif',1,10,'[{\"name\":\"Angle\",\"values\":[]}]'),(190,'LED Bulb  - 16W','306674023147','Electrical',100,95.00,120.00,'Firefly','Energy saving bulb ','/uploads/prod-1780278243046-966712377.jfif',1,20,'[{\"name\":\"Watts\",\"values\":[]}]'),(191,'LED Bulb  - 20W','308006042986','Electrical',86,95.00,120.00,'Firefly','Energy saving bulb ','/uploads/prod-1780278243046-966712377.jfif',1,20,'[{\"name\":\"Watts\",\"values\":[]}]'),(192,'LED Bulb - 20W','424226921381','Electrical',25,95.00,120.00,'Firefly',NULL,NULL,0,10,'[{\"name\":\"Watts\",\"values\":[\"20W\"]}]'),(195,'LED Bulb','429238858185','Tools',25,90.00,120.00,'Firefly','',NULL,0,10,NULL),(196,'LED Bulb  - 24W','741516032980','Electrical',88,95.00,120.00,'Firefly','Energy saving bulb ','/uploads/prod-1780278243046-966712377.jfif',1,20,'[{\"name\":\"Watts\",\"values\":[]}]'),(197,'Steel Bar - 20m','673057001944','Steel',25,500.00,650.00,'Metro ',NULL,'/uploads/prod-1780278164505-976966445.png',0,10,'[{\"name\":\"Size\",\"values\":[]}]'),(198,'Steel Bar - 10m','680262025315','Steel',25,300.00,400.00,'Metro ',NULL,'/uploads/prod-1780278164505-976966445.png',0,10,'[{\"name\":\"Size\",\"values\":[]}]'),(199,'Steel Bar - 5m','690445044995','Steel',23,200.00,300.00,'Metro ',NULL,'/uploads/prod-1780278164505-976966445.png',0,10,'[{\"name\":\"Size\",\"values\":[]}]'),(200,'Boysen B600 Pain - Pink - 1 Kilo','441995008674','Paints',25,120.00,180.00,'Boysen',NULL,NULL,1,10,'[{\"name\":\"Color\",\"values\":[\"Pink\"]},{\"name\":\"Size\",\"values\":[\"1 Kilo\"]}]'),(201,'Mouse','625022542921','Tools',25,200.00,250.00,'None','',NULL,1,10,NULL);
/*!40000 ALTER TABLE `product` ENABLE KEYS */;
UNLOCK TABLES;

--
-- Table structure for table `purchase_item`
--

DROP TABLE IF EXISTS `purchase_item`;
/*!40101 SET @saved_cs_client     = @@character_set_client */;
/*!50503 SET character_set_client = utf8mb4 */;
CREATE TABLE `purchase_item` (
  `purchaseItemID` int NOT NULL AUTO_INCREMENT,
  `orderID` int NOT NULL,
  `productID` int NOT NULL,
  `quantity` int NOT NULL,
  `unitCost` decimal(10,2) NOT NULL,
  `receivedQty` int NOT NULL DEFAULT '0',
  `defectiveQty` int NOT NULL DEFAULT '0',
  `leadTimeDays` int DEFAULT NULL,
  PRIMARY KEY (`purchaseItemID`),
  KEY `orderID` (`orderID`),
  KEY `productID` (`productID`),
  CONSTRAINT `purchase_item_ibfk_1` FOREIGN KEY (`orderID`) REFERENCES `purchase_order` (`orderID`),
  CONSTRAINT `purchase_item_ibfk_2` FOREIGN KEY (`productID`) REFERENCES `product` (`productID`)
) ENGINE=InnoDB AUTO_INCREMENT=203 DEFAULT CHARSET=utf8mb4 COLLATE=utf8mb4_0900_ai_ci;
/*!40101 SET character_set_client = @saved_cs_client */;

--
-- Dumping data for table `purchase_item`
--

LOCK TABLES `purchase_item` WRITE;
/*!40000 ALTER TABLE `purchase_item` DISABLE KEYS */;
INSERT INTO `purchase_item` VALUES (22,2,8,4,200.00,0,0,NULL),(23,2,5,4,243.00,0,0,NULL),(40,6,9,6,132.00,0,0,NULL),(42,7,7,1,122.00,0,0,NULL),(45,8,9,1,132.00,0,0,NULL),(46,8,8,6,200.00,0,0,NULL),(47,9,8,4,200.00,3,1,NULL),(48,9,15,3,122.00,3,0,NULL),(51,10,15,15,122.00,0,0,NULL),(52,10,8,10,200.00,0,0,NULL),(53,11,21,5,200.00,0,0,NULL),(54,11,20,5,200.00,0,0,NULL),(55,11,19,5,180.00,0,0,NULL),(56,12,21,5,200.00,5,0,NULL),(57,12,20,5,200.00,5,0,NULL),(58,13,20,6,200.00,6,0,NULL),(59,13,21,6,200.00,6,0,NULL),(62,14,20,5,200.00,5,0,NULL),(63,14,21,5,200.00,5,0,NULL),(64,15,21,5,200.00,4,1,NULL),(65,15,20,5,200.00,5,0,NULL),(73,16,21,5,200.00,5,0,NULL),(74,16,20,5,200.00,5,0,NULL),(75,16,19,5,180.00,5,0,NULL),(76,16,15,5,122.00,5,0,NULL),(77,16,9,5,132.00,5,0,NULL),(78,16,8,5,200.00,5,0,NULL),(79,16,7,5,122.00,5,0,NULL),(82,18,21,5,200.00,5,0,NULL),(84,20,22,10,20.00,9,1,NULL),(85,20,18,10,100.00,9,1,NULL),(86,20,9,10,132.00,10,0,NULL),(87,21,22,10,20.00,9,1,NULL),(88,21,21,10,200.00,10,0,NULL),(91,23,22,5,20.00,5,0,NULL),(92,23,21,5,200.00,5,0,NULL),(93,24,21,5,200.00,5,0,NULL),(94,24,22,5,20.00,2,3,NULL),(95,25,20,10,200.00,10,0,NULL),(96,25,21,10,200.00,4,2,NULL),(104,32,123,10,680.00,10,0,NULL),(105,32,8,10,200.00,10,0,NULL),(106,33,123,10,680.00,10,0,NULL),(124,38,9,10,132.00,10,0,NULL),(125,39,122,10,950.00,0,0,NULL),(126,39,123,10,680.00,0,0,NULL),(127,40,9,10,132.00,10,0,NULL),(128,41,122,1,950.00,0,0,NULL),(129,41,123,10,680.00,0,0,NULL),(130,42,9,10,132.00,5,2,0),(131,43,122,10,950.00,5,0,4),(132,43,123,10,680.00,10,0,4),(142,44,19,10,180.00,10,0,0),(143,44,76,10,120.00,10,0,0),(144,44,21,10,200.00,10,0,0),(145,44,78,10,180.00,10,0,0),(146,44,81,10,3200.00,10,0,0),(147,44,74,10,350.00,10,0,0),(148,44,77,10,450.00,10,0,0),(149,44,23,10,220.00,10,0,0),(150,44,9,10,132.00,10,0,0),(151,44,183,10,320.00,10,0,0),(152,44,182,10,25.00,10,0,0),(156,47,18,50,100.00,0,0,NULL),(158,48,188,10,780.00,0,0,NULL),(159,48,77,10,450.00,0,0,NULL),(162,45,9,10,132.00,10,0,2),(163,45,22,20,50.00,20,0,2),(166,49,84,10,285.00,10,0,0),(167,49,18,10,100.00,10,0,0),(190,46,123,10,750.00,0,0,NULL),(192,51,23,1,220.00,0,0,NULL),(193,50,77,20,450.00,20,0,1),(194,50,18,10,100.00,10,0,1),(195,50,74,10,350.00,10,0,1),(196,50,83,10,850.00,10,0,1),(197,50,22,10,50.00,10,0,1),(198,50,79,10,320.00,10,0,1),(199,50,83,10,850.00,10,0,1),(200,52,77,5,450.00,0,0,NULL),(201,53,77,5,450.00,0,0,NULL),(202,53,188,5,780.00,0,0,NULL);
/*!40000 ALTER TABLE `purchase_item` ENABLE KEYS */;
UNLOCK TABLES;

--
-- Table structure for table `purchase_order`
--

DROP TABLE IF EXISTS `purchase_order`;
/*!40101 SET @saved_cs_client     = @@character_set_client */;
/*!50503 SET character_set_client = utf8mb4 */;
CREATE TABLE `purchase_order` (
  `orderID` int NOT NULL AUTO_INCREMENT,
  `userID` int NOT NULL,
  `supplierID` int NOT NULL,
  `orderDateTime` datetime NOT NULL,
  `status` enum('To Order','Pending Order','Partially Completed','Completed','Cancelled') NOT NULL DEFAULT 'To Order',
  `contact` varchar(100) DEFAULT NULL,
  `shipmentInfo` varchar(255) DEFAULT NULL,
  `paymentStatus` enum('Pending','Partially Paid','Completed') DEFAULT 'Pending',
  `paymentMethod` varchar(50) DEFAULT NULL,
  `paymentReference` varchar(100) DEFAULT NULL,
  `paymentDate` datetime DEFAULT NULL,
  `amountPaid` decimal(10,2) DEFAULT NULL,
  `isActive` tinyint(1) NOT NULL DEFAULT '1',
  `shipToAddress` text,
  `termsOfPayment` varchar(100) DEFAULT NULL,
  `receiveDate` datetime DEFAULT NULL,
  `dueDate` date DEFAULT NULL,
  PRIMARY KEY (`orderID`),
  KEY `userID` (`userID`),
  KEY `supplierID` (`supplierID`),
  CONSTRAINT `purchase_order_ibfk_1` FOREIGN KEY (`userID`) REFERENCES `users` (`userID`),
  CONSTRAINT `purchase_order_ibfk_2` FOREIGN KEY (`supplierID`) REFERENCES `supplier` (`supplierID`)
) ENGINE=InnoDB AUTO_INCREMENT=54 DEFAULT CHARSET=utf8mb4 COLLATE=utf8mb4_0900_ai_ci;
/*!40101 SET character_set_client = @saved_cs_client */;

--
-- Dumping data for table `purchase_order`
--

LOCK TABLES `purchase_order` WRITE;
/*!40000 ALTER TABLE `purchase_order` DISABLE KEYS */;
INSERT INTO `purchase_order` VALUES (2,9,2,'2026-05-08 00:45:17','Completed','09',NULL,'Completed','Cash',NULL,'2026-05-30 00:00:00',1772.00,0,NULL,NULL,NULL,NULL),(6,9,2,'2026-05-11 05:06:42','Completed','012408038',NULL,'Completed','Cash',NULL,'2026-05-30 00:00:00',792.00,0,NULL,NULL,NULL,NULL),(7,9,2,'2026-05-11 05:24:57','Completed','012408038',NULL,'Completed','Cash',NULL,'2026-06-04 00:00:00',122.00,1,NULL,NULL,NULL,NULL),(8,9,2,'2026-05-11 14:27:36','Completed','012408038',NULL,'Completed','Cash',NULL,'2026-06-04 00:00:00',1332.00,1,NULL,NULL,NULL,NULL),(9,9,8,'2026-05-11 15:20:29','Completed','dsaf',NULL,'Pending',NULL,NULL,NULL,NULL,1,NULL,NULL,NULL,NULL),(10,9,2,'2026-05-12 21:47:54','Completed','012408038',NULL,'Pending',NULL,NULL,NULL,NULL,1,NULL,NULL,NULL,NULL),(11,9,2,'2026-05-20 21:57:40','Completed','012408038','aafdfdfsdfsdf','Pending',NULL,NULL,NULL,NULL,1,NULL,NULL,NULL,NULL),(12,9,2,'2026-05-20 21:59:27','Completed','012408038',NULL,'Pending',NULL,NULL,NULL,NULL,1,NULL,NULL,NULL,NULL),(13,9,2,'2026-05-20 22:27:28','Completed','012408038',NULL,'Pending',NULL,NULL,NULL,NULL,0,NULL,NULL,NULL,NULL),(14,9,2,'2026-05-20 22:36:33','Completed','012408038',NULL,'Pending',NULL,NULL,NULL,NULL,1,NULL,NULL,NULL,NULL),(15,9,2,'2026-05-20 22:42:00','Completed','012408038',NULL,'Pending',NULL,NULL,NULL,NULL,1,NULL,NULL,NULL,NULL),(16,9,2,'2026-05-20 23:00:07','Completed','012408038',NULL,'Pending',NULL,NULL,NULL,NULL,1,NULL,NULL,NULL,NULL),(18,9,2,'2026-05-20 23:14:02','Completed','012408038',NULL,'Completed','Cash',NULL,'2026-06-04 00:00:00',5500.00,1,NULL,NULL,NULL,NULL),(20,1,2,'2026-05-21 08:48:27','Completed','012408038','dcsffa s ','Completed','Cash',NULL,'2026-06-04 00:00:00',2520.00,1,NULL,NULL,NULL,NULL),(21,9,2,'2026-05-22 06:37:18','Completed','09999999999',NULL,'Completed','Cash',NULL,'2026-06-04 00:00:00',2200.00,1,NULL,NULL,NULL,NULL),(23,1,2,'2026-05-22 07:46:30','Completed','email@gmail.com',NULL,'Pending',NULL,NULL,NULL,NULL,1,NULL,NULL,NULL,NULL),(24,1,2,'2026-05-22 07:48:53','Completed','email@gmail.com',NULL,'Pending',NULL,NULL,NULL,NULL,1,NULL,NULL,NULL,NULL),(25,1,2,'2026-05-22 11:02:27','Partially Completed','email@gmail.com',NULL,'Pending',NULL,NULL,NULL,NULL,1,NULL,NULL,NULL,NULL),(32,1,10,'2026-05-23 13:54:02','Completed',NULL,NULL,'Pending',NULL,NULL,NULL,NULL,1,NULL,NULL,NULL,NULL),(33,1,10,'2026-05-23 13:54:19','Completed',NULL,NULL,'Pending',NULL,NULL,NULL,NULL,1,NULL,NULL,NULL,NULL),(38,1,14,'2026-05-29 11:41:47','Completed',NULL,NULL,'Completed','Bank Transfer','2132313123','2026-05-29 00:00:00',1320.00,1,NULL,NULL,NULL,NULL),(39,1,18,'2026-05-29 11:41:47','Pending Order',NULL,NULL,'Completed','Cash','441','2026-06-03 00:00:00',16300.00,1,NULL,NULL,NULL,NULL),(40,1,14,'2026-05-29 11:50:01','Completed',NULL,NULL,'Pending',NULL,NULL,NULL,NULL,1,NULL,NULL,NULL,NULL),(41,1,18,'2026-05-29 11:50:01','Pending Order',NULL,NULL,'Pending',NULL,NULL,NULL,NULL,1,NULL,NULL,NULL,NULL),(42,1,14,'2026-05-30 06:15:27','Partially Completed',NULL,NULL,'Pending',NULL,NULL,NULL,NULL,1,NULL,NULL,NULL,NULL),(43,1,18,'2026-05-30 06:15:27','Partially Completed',NULL,NULL,'Pending',NULL,NULL,NULL,NULL,1,NULL,NULL,NULL,NULL),(44,1,10,'2026-05-30 06:38:28','Completed','09171234001',NULL,'Completed','Cash','415521','2026-06-01 00:00:00',53770.00,0,NULL,NULL,NULL,NULL),(45,1,14,'2026-05-30 07:22:05','Completed','09171234005',NULL,'Completed','Cash','674446747','2026-06-03 00:00:00',2320.00,1,'#2 National Road, Brgy. San Juan,\nTaytay, Rizal, Philippines\nPhone: 8658-7984 / 8658-6802','30 Days',NULL,NULL),(46,1,14,'2026-05-30 07:22:05','Cancelled','09171234005',NULL,'Pending',NULL,NULL,NULL,NULL,1,'#2 National Road, Brgy. San Juan,\nTaytay, Rizal, Philippines\nPhone: 8658-7984 / 8658-6802','30 Days',NULL,NULL),(47,1,10,'2026-05-30 11:36:52','To Order','09171234001',NULL,'Pending',NULL,NULL,NULL,NULL,1,'#2 National Road, Brgy. San Juan,\nTaytay, Rizal, Philippines\nPhone: 8658-7984 / 8658-6802','COD',NULL,NULL),(48,1,10,'2026-05-30 22:39:27','To Order','09171234001',NULL,'Pending',NULL,NULL,NULL,NULL,1,'#2 National Road, Brgy. San Juan,\nTaytay, Rizal, Philippines\nPhone: 8658-7984 / 8658-6802','COD',NULL,NULL),(49,1,14,'2026-06-02 17:19:22','Completed','09171234005','Handle carefully','Completed','Cash','415521','2026-06-02 00:00:00',3850.00,1,'#2 National Road, Brgy. San Juan,\nTaytay, Rizal, Philippines\nPhone: 8658-7984 / 8658-6802','COD',NULL,NULL),(50,1,14,'2026-06-02 17:39:19','Completed','09171234005',NULL,'Completed','Cash',NULL,'2026-06-03 00:00:00',31200.00,1,'#2 National Road, Brgy. San Juan,\nTaytay, Rizal, Philippines\nPhone: 8658-7984 / 8658-6802','30 Days',NULL,NULL),(51,1,10,'2026-06-03 18:28:59','To Order','09171234001',NULL,'Pending',NULL,NULL,NULL,NULL,1,'#2 National Road, Brgy. San Juan,\nTaytay, Rizal, Philippines\nPhone: 8658-7984 / 8658-6802','COD',NULL,NULL),(52,1,10,'2026-06-04 08:40:59','To Order','09171234001',NULL,'Pending',NULL,NULL,NULL,NULL,1,'#2 National Road, Brgy. San Juan,\nTaytay, Rizal, Philippines\nPhone: 8658-7984 / 8658-6802','COD',NULL,NULL),(53,1,10,'2026-06-04 09:00:09','To Order','09171234001',NULL,'Pending',NULL,NULL,NULL,NULL,1,'#2 National Road, Brgy. San Juan,\nTaytay, Rizal, Philippines\nPhone: 8658-7984 / 8658-6802','COD',NULL,NULL);
/*!40000 ALTER TABLE `purchase_order` ENABLE KEYS */;
UNLOCK TABLES;

--
-- Table structure for table `report`
--

DROP TABLE IF EXISTS `report`;
/*!40101 SET @saved_cs_client     = @@character_set_client */;
/*!50503 SET character_set_client = utf8mb4 */;
CREATE TABLE `report` (
  `reportID` int NOT NULL AUTO_INCREMENT,
  `userID` int NOT NULL,
  `reportType` enum('Sales Performance','User logs','Stock alerts') NOT NULL,
  `generateDate` datetime NOT NULL,
  PRIMARY KEY (`reportID`),
  KEY `userID` (`userID`),
  CONSTRAINT `report_ibfk_1` FOREIGN KEY (`userID`) REFERENCES `users` (`userID`)
) ENGINE=InnoDB DEFAULT CHARSET=utf8mb4 COLLATE=utf8mb4_0900_ai_ci;
/*!40101 SET character_set_client = @saved_cs_client */;

--
-- Dumping data for table `report`
--

LOCK TABLES `report` WRITE;
/*!40000 ALTER TABLE `report` DISABLE KEYS */;
/*!40000 ALTER TABLE `report` ENABLE KEYS */;
UNLOCK TABLES;

--
-- Table structure for table `sales_item`
--

DROP TABLE IF EXISTS `sales_item`;
/*!40101 SET @saved_cs_client     = @@character_set_client */;
/*!50503 SET character_set_client = utf8mb4 */;
CREATE TABLE `sales_item` (
  `salesItemID` int NOT NULL AUTO_INCREMENT,
  `transactionID` int NOT NULL,
  `productID` int NOT NULL,
  `quantity` int NOT NULL,
  `subtotal` decimal(10,2) NOT NULL,
  `productName` varchar(250) DEFAULT NULL,
  `unitPrice` decimal(10,2) DEFAULT NULL,
  `returnStatus` enum('NONE','RESELLABLE','DEFECTIVE') DEFAULT 'NONE',
  PRIMARY KEY (`salesItemID`),
  KEY `transactionID` (`transactionID`),
  KEY `productID` (`productID`),
  CONSTRAINT `sales_item_ibfk_1` FOREIGN KEY (`transactionID`) REFERENCES `sales_transaction` (`transactionID`),
  CONSTRAINT `sales_item_ibfk_2` FOREIGN KEY (`productID`) REFERENCES `product` (`productID`)
) ENGINE=InnoDB AUTO_INCREMENT=296 DEFAULT CHARSET=utf8mb4 COLLATE=utf8mb4_0900_ai_ci;
/*!40101 SET character_set_client = @saved_cs_client */;

--
-- Dumping data for table `sales_item`
--

LOCK TABLES `sales_item` WRITE;
/*!40000 ALTER TABLE `sales_item` DISABLE KEYS */;
INSERT INTO `sales_item` VALUES (1,1,12,4,800.00,'adfadf',200.00,'NONE'),(2,2,12,5,1000.00,'adfadf',200.00,'NONE'),(3,3,13,1,25.00,'screw',25.00,'NONE'),(4,4,13,1,25.00,'screw',25.00,'NONE'),(5,5,13,4,100.00,'screw',25.00,'NONE'),(6,6,13,1,25.00,'screw',25.00,'NONE'),(7,7,13,1,25.00,'screw',25.00,'NONE'),(8,8,9,1,132.00,'cement',132.00,'NONE'),(9,9,13,12,300.00,'screw',25.00,'NONE'),(10,10,7,4,488.00,'afgd',122.00,'NONE'),(11,10,4,4,1284.00,'a',321.00,'NONE'),(12,10,13,2,50.00,'screw',25.00,'NONE'),(13,11,7,3,366.00,'afgd',122.00,'NONE'),(14,11,4,3,963.00,'a',321.00,'NONE'),(15,12,7,2,244.00,'afgd',122.00,'NONE'),(16,12,4,2,642.00,'a',321.00,'NONE'),(17,13,13,1,25.00,'screw',25.00,'NONE'),(18,13,7,1,122.00,'afgd',122.00,'NONE'),(19,14,7,3,366.00,'afgd',122.00,'NONE'),(20,14,4,1,321.00,'a',321.00,'NONE'),(21,15,13,1,25.00,'screw',25.00,'NONE'),(22,16,4,1,321.00,'a',321.00,'NONE'),(23,17,13,1,25.00,'screw',25.00,'NONE'),(24,18,9,1,132.00,'cement',132.00,'NONE'),(25,19,7,1,122.00,'afgd',122.00,'NONE'),(26,20,9,1,132.00,'cement',132.00,'NONE'),(27,21,4,1,321.00,'a',321.00,'NONE'),(28,22,7,1,122.00,'afgd',122.00,'NONE'),(29,23,7,1,122.00,'afgd',122.00,'NONE'),(30,24,7,1,122.00,'afgd',122.00,'NONE'),(31,25,9,1,132.00,'cement',132.00,'NONE'),(32,26,4,1,321.00,'a',321.00,'NONE'),(33,27,4,1,321.00,'a',321.00,'NONE'),(34,28,4,1,321.00,'a',321.00,'NONE'),(35,29,4,1,321.00,'a',321.00,'NONE'),(36,30,13,3,75.00,'screw',25.00,'NONE'),(37,31,7,2,244.00,'afgd',122.00,'NONE'),(38,32,7,1,122.00,'afgd',122.00,'NONE'),(39,33,13,1,25.00,'screw',25.00,'NONE'),(40,34,13,1,25.00,'screw',25.00,'NONE'),(41,35,13,1,25.00,'screw',25.00,'NONE'),(42,36,13,1,25.00,'screw',25.00,'NONE'),(43,37,13,1,25.00,'screw',25.00,'NONE'),(44,38,13,1,25.00,'screw',25.00,'NONE'),(45,39,13,1,25.00,'screw',25.00,'NONE'),(46,40,13,2,50.00,'screw',25.00,'NONE'),(47,41,13,1,25.00,'screw',25.00,'NONE'),(48,42,15,1,122.00,'dfada',122.00,'NONE'),(49,43,8,1,200.00,'hammer',200.00,'NONE'),(50,43,15,1,122.00,'dfada',122.00,'NONE'),(51,44,8,1,200.00,'hammer',200.00,'NONE'),(52,44,15,2,244.00,'dfada',122.00,'NONE'),(53,45,15,4,488.00,'dfada',122.00,'NONE'),(54,46,15,1,122.00,'dfada',122.00,'NONE'),(55,47,15,3,366.00,'dfada',122.00,'NONE'),(56,48,18,1,100.00,'asdfasdfdasf',100.00,'NONE'),(57,49,18,1,100.00,'asdfasdfdasf',100.00,'NONE'),(58,50,8,3,600.00,'hammer',200.00,'NONE'),(59,51,18,1,100.00,'asdfasdfdasf',100.00,'NONE'),(60,52,18,2,200.00,'asdfasdfdasf',100.00,'NONE'),(61,53,18,3,300.00,'asdfasdfdasf',100.00,'NONE'),(62,54,15,3,366.00,'dfada',122.00,'NONE'),(63,55,18,3,300.00,'asdfasdfdasf',100.00,'NONE'),(64,56,18,3,300.00,'asdfasdfdasf',100.00,'NONE'),(65,57,18,2,200.00,'asdfasdfdasf',100.00,'NONE'),(66,58,18,1,100.00,'asdfasdfdasf',100.00,'NONE'),(67,59,18,1,100.00,'asdfasdfdasf',100.00,'NONE'),(68,60,18,1,100.00,'asdfasdfdasf',100.00,'NONE'),(69,60,15,1,122.00,'dfada',122.00,'NONE'),(70,60,9,1,132.00,'cement',132.00,'NONE'),(71,60,8,1,200.00,'hammer',200.00,'NONE'),(72,60,7,1,122.00,'afgd',122.00,'NONE'),(73,61,7,1,122.00,'afgd',122.00,'NONE'),(74,61,9,1,132.00,'cement',132.00,'NONE'),(75,61,18,1,100.00,'asdfasdfdasf',100.00,'NONE'),(76,62,15,1,122.00,'dfada',122.00,'NONE'),(77,62,9,1,132.00,'cement',132.00,'NONE'),(78,62,7,1,122.00,'afgd',122.00,'NONE'),(79,63,8,2,400.00,'hammer',200.00,'NONE'),(80,64,9,1,132.00,'cement',132.00,'NONE'),(81,65,7,1,122.00,'afgd',122.00,'NONE'),(82,66,7,1,122.00,'afgd',122.00,'NONE'),(83,67,7,1,122.00,'afgd',122.00,'NONE'),(84,68,7,1,122.00,'afgd',122.00,'NONE'),(85,69,7,1,122.00,'afgd',122.00,'NONE'),(86,70,15,1,122.00,'dfada',122.00,'NONE'),(87,71,7,1,122.00,'afgd',122.00,'NONE'),(88,72,9,1,132.00,'cement',132.00,'NONE'),(89,73,15,1,122.00,'dfada',122.00,'NONE'),(90,74,9,1,132.00,'cement',132.00,'NONE'),(91,75,9,1,132.00,'cement',132.00,'NONE'),(92,76,18,1,100.00,'asdfasdfdasf',100.00,'NONE'),(93,76,8,1,200.00,'hammer',200.00,'NONE'),(94,77,9,-1,-132.00,'cement',132.00,'NONE'),(95,78,19,3,540.00,'Pliers',180.00,'NONE'),(96,79,9,-1,-132.00,'cement',132.00,'NONE'),(97,80,13,-1,-25.00,'screw',25.00,'NONE'),(98,80,19,3,540.00,'Pliers',180.00,'NONE'),(99,81,19,2,360.00,'Pliers',180.00,'NONE'),(100,82,19,-2,-360.00,'Pliers',180.00,'NONE'),(101,83,13,-1,-25.00,'screw',25.00,'NONE'),(102,84,13,-1,-25.00,'screw',25.00,'NONE'),(103,84,19,1,180.00,'Pliers',180.00,'NONE'),(104,85,13,-1,-25.00,'screw',25.00,'NONE'),(105,85,19,3,540.00,'Pliers',180.00,'NONE'),(106,86,18,-1,-100.00,'asdfasdfdasf',100.00,'NONE'),(107,86,15,5,610.00,'dfada',122.00,'NONE'),(108,87,18,-1,-100.00,'asdfasdfdasf',100.00,'NONE'),(109,87,15,1,122.00,'dfada',122.00,'NONE'),(110,88,7,-1,-122.00,'afgd',122.00,'NONE'),(111,88,19,2,360.00,'Pliers',180.00,'NONE'),(112,89,19,-2,-360.00,'Pliers',180.00,'NONE'),(113,90,19,-2,-360.00,'Pliers',180.00,'NONE'),(114,90,15,2,244.00,'dfada',122.00,'NONE'),(115,91,7,1,122.00,'afgd',122.00,'NONE'),(116,92,18,-1,-100.00,'asdfasdfdasf',100.00,'NONE'),(117,92,19,2,360.00,'Pliers',180.00,'NONE'),(118,93,12,-1,-200.00,'adfadf',200.00,'NONE'),(119,93,8,1,200.00,'hammer',200.00,'NONE'),(120,94,4,-1,-321.00,'a',321.00,'NONE'),(121,94,8,2,400.00,'hammer',200.00,'NONE'),(122,95,13,-1,-25.00,'screw',25.00,'NONE'),(123,96,13,-1,-25.00,'screw',25.00,'NONE'),(124,96,19,1,180.00,'Pliers',180.00,'NONE'),(125,97,19,1,180.00,'Pliers',180.00,'NONE'),(126,98,21,2,400.00,'paintbrush',200.00,'NONE'),(127,99,20,2,400.00,'aa',200.00,'NONE'),(128,100,7,-1,-122.00,'afgd',122.00,'NONE'),(129,100,20,4,800.00,'aa',200.00,'NONE'),(130,101,7,-1,-122.00,'afgd',122.00,'NONE'),(131,101,21,3,600.00,'paintbrush',200.00,'NONE'),(132,102,7,-1,-122.00,'afgd',122.00,'NONE'),(133,102,21,2,400.00,'paintbrush',200.00,'NONE'),(134,103,20,2,400.00,'aa',200.00,'NONE'),(135,104,13,-1,-25.00,'screw',25.00,'NONE'),(136,104,21,2,400.00,'paintbrush',200.00,'NONE'),(137,105,13,-1,-25.00,'screw',25.00,'NONE'),(138,106,13,-1,-25.00,'screw',25.00,'NONE'),(139,107,21,2,400.00,'paintbrush',200.00,'NONE'),(140,108,20,3,600.00,'aa',200.00,'NONE'),(141,109,20,2,400.00,'aa',200.00,'NONE'),(142,110,19,2,360.00,'Pliers',180.00,'NONE'),(143,111,13,-1,-25.00,'screw',25.00,'NONE'),(144,112,21,1,200.00,'paintbrush',200.00,'NONE'),(145,113,21,3,600.00,'paintbrush',200.00,'NONE'),(146,114,21,3,600.00,'paintbrush',200.00,'NONE'),(147,115,21,3,600.00,'paintbrush',200.00,'NONE'),(148,115,20,3,600.00,'aa',200.00,'NONE'),(149,115,19,3,540.00,'Pliers',180.00,'NONE'),(150,115,18,2,200.00,'asdfasdfdasf',100.00,'NONE'),(151,115,15,3,366.00,'dfada',122.00,'NONE'),(152,115,7,3,366.00,'afgd',122.00,'NONE'),(153,116,9,-1,-132.00,'cement',132.00,'NONE'),(154,117,19,-1,-180.00,'Pliers',180.00,'NONE'),(155,118,19,-1,-180.00,'Pliers',180.00,'NONE'),(156,119,21,-3,-600.00,'paintbrush',200.00,'NONE'),(157,119,20,-3,-600.00,'aa',200.00,'NONE'),(158,119,19,-3,-540.00,'Pliers',180.00,'NONE'),(159,120,22,3,60.00,'Gloves',20.00,'NONE'),(160,120,8,1,200.00,'hammer',200.00,'NONE'),(161,121,22,-3,-60.00,'Gloves',20.00,'NONE'),(162,121,22,4,80.00,'Gloves',20.00,'NONE'),(163,122,9,6,792.00,'cement',132.00,'NONE'),(164,122,21,2,400.00,'paintbrush',200.00,'NONE'),(165,122,22,5,100.00,'Gloves',20.00,'NONE'),(166,122,19,1,180.00,'Pliers',180.00,'NONE'),(167,122,8,1,200.00,'hammer',200.00,'NONE'),(168,123,9,-3,-396.00,'cement',132.00,'NONE'),(169,124,116,20,13000.00,'Faucet Stainless',650.00,'NONE'),(170,124,9,8,1056.00,'cement',132.00,'NONE'),(171,125,123,60,40800.00,'GI Sheet',680.00,'NONE'),(172,126,15,2,244.00,'dfada',122.00,'NONE'),(173,131,15,-1,-122.00,'dfada',122.00,'RESELLABLE'),(174,132,166,2,30.00,'Nail - 2',15.00,'NONE'),(175,133,22,3,60.00,'Gloves',20.00,'NONE'),(176,134,22,-1,-20.00,'Gloves',20.00,'RESELLABLE'),(177,135,164,2,300.00,'B600 Paint - Pink - 2 Kilo',150.00,'NONE'),(178,135,188,1,780.00,'Angle Bar - 90',780.00,'NONE'),(179,136,20,2,400.00,'aa',200.00,'NONE'),(180,137,4,2,642.00,'a',321.00,'NONE'),(181,138,4,3,963.00,'a',321.00,'NONE'),(182,138,94,1,780.00,'Corrugated Roof Sheet',780.00,'NONE'),(183,139,20,2,400.00,'aa',200.00,'NONE'),(184,140,157,2,300.00,'B600 Paint - Black - 1 Kilo',150.00,'NONE'),(185,141,23,3,660.00,'A',220.00,'NONE'),(186,141,188,2,1560.00,'Angle Bar - 90',780.00,'NONE'),(187,141,164,1,150.00,'B600 Paint - Pink - 2 Kilo',150.00,'NONE'),(188,141,122,2,1900.00,'Steel Tube',950.00,'NONE'),(189,141,170,4,60.00,'Nail - 4',15.00,'NONE'),(190,141,8,2,400.00,'hammer',200.00,'NONE'),(191,141,74,3,1050.00,'Claw Hammer',350.00,'NONE'),(192,141,182,3,75.00,'Nut - 6 inch - White',25.00,'NONE'),(193,142,20,6,1200.00,'aa',200.00,'NONE'),(194,142,188,4,3120.00,'Angle Bar - 90',780.00,'NONE'),(195,142,112,4,340.00,'Duplex Outlet',85.00,'NONE'),(196,142,191,4,480.00,'LED Bulb  - 20W',120.00,'NONE'),(197,143,105,40,48000.00,'Gloss Paint Red',1200.00,'NONE'),(198,144,90,15,16500.00,'Plywood 1/2',1100.00,'NONE'),(199,145,88,2,700.00,'Ready Mix Cement',350.00,'NONE'),(200,146,189,2,1560.00,'Angle Bar - 120',780.00,'NONE'),(201,147,164,5,750.00,'B600 Paint - Pink - 2 Kilo',150.00,'NONE'),(202,148,84,3,855.00,'Portland Cement 40kg',285.00,'NONE'),(203,149,81,3,9600.00,'Cordless Drill',3200.00,'NONE'),(204,150,20,6,1200.00,'aa',200.00,'NONE'),(205,151,23,2,440.00,'A',220.00,'NONE'),(206,152,23,4,880.00,'A',220.00,'NONE'),(207,153,23,4,880.00,'A',220.00,'NONE'),(208,153,20,3,600.00,'aa',200.00,'NONE'),(209,153,77,4,1800.00,'Adjustable Wrench',450.00,'NONE'),(210,153,85,3,825.00,'Masonry Cement 40kg',275.00,'NONE'),(211,153,191,2,240.00,'LED Bulb  - 20W',120.00,'NONE'),(212,153,90,2,2200.00,'Plywood 1/2',1100.00,'NONE'),(213,153,82,2,180.00,'Utility Knife',90.00,'NONE'),(214,154,77,1,450.00,'Adjustable Wrench',450.00,'NONE'),(215,154,7,1,122.00,'afgd',122.00,'NONE'),(216,154,189,1,780.00,'Angle Bar - 120',780.00,'NONE'),(217,154,163,1,150.00,'B600 Paint - Black - 2 Kilo',150.00,'NONE'),(218,155,162,2,300.00,'B600 Paint - Red - 2 Kilo',150.00,'NONE'),(219,155,150,2,300.00,'B600 Paint - White - 1 Kilo',150.00,'NONE'),(220,155,101,2,24.00,'Clay Brick',12.00,'NONE'),(221,155,191,2,240.00,'LED Bulb  - 20W',120.00,'NONE'),(222,155,95,2,840.00,'Metal Roof Ridge',420.00,'NONE'),(223,155,177,2,50.00,'Nut - 4 inch',25.00,'NONE'),(224,155,107,2,360.00,'Paint Thinner',180.00,'NONE'),(225,155,183,2,640.00,'Something - Blue - 20kg',320.00,'NONE'),(226,155,82,2,180.00,'Utility Knife',90.00,'NONE'),(227,155,83,1,850.00,'Tool Box',850.00,'NONE'),(228,156,23,1,220.00,'A',220.00,'NONE'),(229,156,20,1,200.00,'aa',200.00,'NONE'),(230,156,14,1,123.00,'adfadf',123.00,'NONE'),(231,156,7,1,122.00,'afgd',122.00,'NONE'),(232,157,23,2,440.00,'A',220.00,'NONE'),(233,157,20,3,600.00,'aa',200.00,'NONE'),(234,157,14,1,123.00,'adfadf',123.00,'NONE'),(235,157,189,3,2340.00,'Angle Bar - 120',780.00,'NONE'),(236,158,81,2,6400.00,'Cordless Drill',3200.00,'NONE'),(237,159,23,-2,-440.00,'A',220.00,'RESELLABLE'),(238,160,23,-2,-440.00,'A',220.00,'RESELLABLE'),(239,161,23,-2,-440.00,'A',220.00,'RESELLABLE'),(240,162,23,-2,-440.00,'A',220.00,'RESELLABLE'),(241,163,77,5,2250.00,'Adjustable Wrench',450.00,'NONE'),(242,164,159,1,150.00,'Boysen B600 Paint - Yellow - 2 Kilo',150.00,'NONE'),(243,164,189,2,1560.00,'Angle Bar - 120',780.00,'NONE'),(244,164,196,1,120.00,'LED Bulb  - 24W',120.00,'NONE'),(245,165,143,4,880.00,'Extension',220.00,'NONE'),(246,166,7,4,488.00,'afgd',122.00,'NONE'),(247,167,77,7,3150.00,'Adjustable Wrench',450.00,'NONE'),(248,167,110,4,5800.00,'Electrical Wire 2.0mm',1450.00,'NONE'),(249,168,103,2,110.00,'Fire Brick',55.00,'NONE'),(250,168,104,1,890.00,'Latex Paint White',890.00,'NONE'),(251,168,100,1,22.00,'Concrete Hollow Block 6in',22.00,'NONE'),(252,168,199,2,600.00,'Steel Bar - 5m',300.00,'NONE'),(253,168,191,1,120.00,'LED Bulb  - 20W',120.00,'NONE'),(254,168,189,1,780.00,'Angle Bar - 120',780.00,'NONE'),(255,168,166,1,15.00,'Nail - 2 inch',15.00,'NONE'),(256,168,169,1,15.00,'Nail - 3 inch',15.00,'NONE'),(257,168,97,2,3300.00,'Polycarbonate Sheet',1650.00,'NONE'),(258,169,77,-2,-900.00,'Adjustable Wrench',450.00,'RESELLABLE'),(259,170,77,-1,-450.00,'Adjustable Wrench',450.00,'RESELLABLE'),(260,170,143,3,660.00,'Extension',220.00,'NONE'),(261,171,23,3,660.00,'A',220.00,'NONE'),(262,171,77,2,900.00,'Adjustable Wrench',450.00,'NONE'),(263,171,156,2,300.00,'Boysen B600 Paint - Red - 1 Kilo',150.00,'NONE'),(264,171,74,2,700.00,'Claw Hammer',350.00,'NONE'),(265,171,99,2,36.00,'Concrete Hollow Block 4in',18.00,'NONE'),(266,172,23,-2,-440.00,'A',220.00,'DEFECTIVE'),(267,172,189,1,780.00,'Angle Bar - 120',780.00,'NONE'),(268,173,77,1,450.00,'Adjustable Wrench',450.00,'NONE'),(269,173,157,6,900.00,'Boysen B600 Paint - Black - 1 Kilo',150.00,'NONE'),(270,173,9,5,660.00,'cement',132.00,'NONE'),(271,173,111,2,900.00,'Circuit Breaker',450.00,'NONE'),(272,173,74,1,350.00,'Claw Hammer',350.00,'NONE'),(273,173,81,2,6400.00,'Cordless Drill',3200.00,'NONE'),(274,173,110,1,1450.00,'Electrical Wire 2.0mm',1450.00,'NONE'),(275,173,116,1,650.00,'Faucet Stainless',650.00,'NONE'),(276,173,75,2,240.00,'Flat Screwdriver',120.00,'NONE'),(277,173,123,1,750.00,'GI Sheet',750.00,'NONE'),(278,173,196,1,120.00,'LED Bulb  - 24W',120.00,'NONE'),(279,173,93,1,1450.00,'Marine Plywood',1450.00,'NONE'),(280,173,95,1,420.00,'Metal Roof Ridge',420.00,'NONE'),(281,173,170,16,240.00,'Nail - 4 inch',15.00,'NONE'),(282,173,106,1,760.00,'Primer Gray',760.00,'NONE'),(283,173,186,2,80.00,'Safety Gloves - Large',40.00,'NONE'),(284,173,117,1,3200.00,'Toilet Bowl',3200.00,'NONE'),(285,174,162,2,300.00,'Boysen B600 Paint - Red - 2 Kilo',150.00,'NONE'),(286,174,101,2,24.00,'Clay Brick',12.00,'NONE'),(287,174,123,1,750.00,'GI Sheet',750.00,'NONE'),(288,174,191,5,600.00,'LED Bulb  - 20W',120.00,'NONE'),(289,174,78,2,360.00,'Measuring Tape',180.00,'NONE'),(290,174,174,17,425.00,'Nut - 1 inch',25.00,'NONE'),(291,174,119,20,6400.00,'Steel Bar 10mm',320.00,'NONE'),(292,174,9,30,3960.00,'cement',132.00,'NONE'),(293,175,188,20,15600.00,'Angle Bar - 90',780.00,'NONE'),(294,175,163,20,3000.00,'Boysen B600 Paint - Black - 2 Kilo',150.00,'NONE'),(295,175,84,15,4275.00,'Portland Cement 40kg',285.00,'NONE');
/*!40000 ALTER TABLE `sales_item` ENABLE KEYS */;
UNLOCK TABLES;

--
-- Table structure for table `sales_transaction`
--

DROP TABLE IF EXISTS `sales_transaction`;
/*!40101 SET @saved_cs_client     = @@character_set_client */;
/*!50503 SET character_set_client = utf8mb4 */;
CREATE TABLE `sales_transaction` (
  `transactionID` int NOT NULL AUTO_INCREMENT,
  `userID` int NOT NULL,
  `transDateTime` datetime NOT NULL,
  `totalAmount` decimal(10,2) NOT NULL,
  `paymentMethod` varchar(50) NOT NULL,
  `transactionCode` varchar(100) DEFAULT NULL,
  `paymentStatus` enum('Paid','Unpaid','Partial','Refunded','Exchanged') DEFAULT 'Paid',
  `discountAmount` decimal(10,2) DEFAULT '0.00',
  `cashReceived` decimal(10,2) DEFAULT '0.00',
  `digitalAmount` decimal(10,2) DEFAULT '0.00',
  `referenceNumber` varchar(100) DEFAULT NULL,
  `customerName` varchar(255) DEFAULT NULL,
  `contactInfo` varchar(255) DEFAULT NULL,
  `address` text,
  `dueDate` date DEFAULT NULL,
  `refundOffset` decimal(10,2) DEFAULT '0.00',
  PRIMARY KEY (`transactionID`),
  UNIQUE KEY `transactionCode` (`transactionCode`),
  KEY `userID` (`userID`),
  CONSTRAINT `sales_transaction_ibfk_1` FOREIGN KEY (`userID`) REFERENCES `users` (`userID`)
) ENGINE=InnoDB AUTO_INCREMENT=176 DEFAULT CHARSET=utf8mb4 COLLATE=utf8mb4_0900_ai_ci;
/*!40101 SET character_set_client = @saved_cs_client */;

--
-- Dumping data for table `sales_transaction`
--

LOCK TABLES `sales_transaction` WRITE;
/*!40000 ALTER TABLE `sales_transaction` DISABLE KEYS */;
INSERT INTO `sales_transaction` VALUES (1,1,'2026-05-10 22:54:32',800.00,'Cash','UT-20260510-225432','Paid',0.00,800.00,0.00,NULL,NULL,NULL,NULL,NULL,0.00),(2,1,'2026-05-10 22:56:18',1000.00,'Cash','UT-20260510-225618','Paid',0.00,1000.00,0.00,NULL,NULL,NULL,NULL,NULL,0.00),(3,1,'2026-05-10 23:57:53',25.00,'Cash','UT-20260510-235753','Paid',0.00,25.00,0.00,NULL,NULL,NULL,NULL,NULL,0.00),(4,1,'2026-05-10 23:58:10',25.00,'Cash','UT-20260510-235810','Paid',0.00,25.00,0.00,NULL,NULL,NULL,NULL,NULL,0.00),(5,1,'2026-05-10 23:59:11',100.00,'Cash','UT-20260510-235911','Paid',0.00,100.00,0.00,NULL,NULL,NULL,NULL,NULL,0.00),(6,1,'2026-05-11 00:00:05',25.00,'Cash','UT-20260510-000005','Paid',0.00,25.00,0.00,NULL,NULL,NULL,NULL,NULL,0.00),(7,1,'2026-05-11 00:00:56',25.00,'Cash','UT-20260510-000056','Paid',0.00,25.00,0.00,NULL,NULL,NULL,NULL,NULL,0.00),(8,1,'2026-05-11 00:02:07',132.00,'Cash','UT-20260510-000207','Paid',0.00,132.00,0.00,NULL,NULL,NULL,NULL,NULL,0.00),(9,1,'2026-05-11 00:03:17',300.00,'GCash','UT-20260510-000317','Paid',0.00,0.00,300.00,'31321312312312',NULL,NULL,NULL,NULL,0.00),(10,1,'2026-05-11 00:03:51',1822.00,'GCash','UT-20260510-000351','Paid',0.00,0.00,1822.00,'afdfadsfsdfsd',NULL,NULL,NULL,NULL,0.00),(11,1,'2026-05-11 00:28:53',1329.00,'Cash','UT-20260510-002853','Paid',0.00,1329.00,0.00,NULL,NULL,NULL,NULL,NULL,0.00),(12,1,'2026-05-11 00:35:37',886.00,'Cash','UT-20260510-003537','Paid',0.00,886.00,0.00,NULL,NULL,NULL,NULL,NULL,0.00),(13,1,'2026-05-11 01:03:11',147.00,'Cash','UT-20260510-010311','Paid',0.00,147.00,0.00,NULL,NULL,NULL,NULL,NULL,0.00),(14,1,'2026-05-11 01:34:43',687.00,'Cash','UT-20260510-013443','Paid',0.00,687.00,0.00,NULL,NULL,NULL,NULL,NULL,0.00),(15,1,'2026-05-11 02:06:00',25.00,'Cash','UT-20260510-020600','Paid',0.00,25.00,0.00,NULL,NULL,NULL,NULL,NULL,0.00),(16,1,'2026-05-11 02:08:41',321.00,'Cash','UT-20260510-020841','Paid',0.00,321.00,0.00,NULL,NULL,NULL,NULL,NULL,0.00),(17,1,'2026-05-11 02:09:53',25.00,'Cash','UT-20260510-020953','Paid',0.00,25.00,0.00,NULL,NULL,NULL,NULL,NULL,0.00),(18,1,'2026-05-11 02:11:01',132.00,'Cash','UT-20260510-021101','Paid',0.00,132.00,0.00,NULL,NULL,NULL,NULL,NULL,0.00),(19,1,'2026-05-11 02:11:55',122.00,'Cash','UT-20260510-021155','Paid',0.00,122.00,0.00,NULL,NULL,NULL,NULL,NULL,0.00),(20,1,'2026-05-11 02:13:51',132.00,'Cash','UT-20260510-021351','Paid',0.00,132.00,0.00,NULL,NULL,NULL,NULL,NULL,0.00),(21,1,'2026-05-11 02:16:36',321.00,'GCash','UT-20260510-021636','Paid',0.00,0.00,321.00,'dfafadffsda',NULL,NULL,NULL,NULL,0.00),(22,1,'2026-05-11 02:22:01',122.00,'Cash','UT-20260510-022201','Paid',0.00,122.00,0.00,NULL,NULL,NULL,NULL,NULL,0.00),(23,1,'2026-05-11 02:25:23',122.00,'Cash','UT-20260510-022523','Paid',0.00,122.00,0.00,NULL,NULL,NULL,NULL,NULL,0.00),(24,1,'2026-05-11 02:36:28',122.00,'Cash','UT-20260510-023628','Paid',0.00,122.00,0.00,NULL,NULL,NULL,NULL,NULL,0.00),(25,1,'2026-05-11 02:38:08',132.00,'Cash','UT-20260510-023808','Paid',0.00,132.00,0.00,NULL,NULL,NULL,NULL,NULL,0.00),(26,1,'2026-05-11 02:39:47',321.00,'Cash','UT-20260510-023947','Paid',0.00,321.00,0.00,NULL,NULL,NULL,NULL,NULL,0.00),(27,1,'2026-05-11 02:44:06',321.00,'Cash','UT-20260510-024406','Paid',0.00,321.00,0.00,NULL,NULL,NULL,NULL,NULL,0.00),(28,1,'2026-05-11 02:45:34',321.00,'Cash','UT-20260510-024534','Paid',0.00,321.00,0.00,NULL,NULL,NULL,NULL,NULL,0.00),(29,1,'2026-05-11 02:48:24',321.00,'Cash','UT-20260510-024824','Paid',0.00,321.00,0.00,NULL,NULL,NULL,NULL,NULL,0.00),(30,1,'2026-05-11 03:50:21',75.00,'GCash','UT-20260510-035021','Paid',0.00,-0.55,75.55,'213123',NULL,NULL,NULL,NULL,0.00),(31,1,'2026-05-11 03:57:59',244.00,'Cash','UT-20260510-035759','Paid',0.00,244.00,0.00,NULL,NULL,NULL,NULL,NULL,0.00),(32,1,'2026-05-11 03:58:58',122.00,'Cash','UT-20260510-035858','Paid',0.00,122.00,0.00,NULL,NULL,NULL,NULL,NULL,0.00),(33,1,'2026-05-11 03:59:53',25.00,'Cash','UT-20260510-035953','Paid',0.00,25.00,0.00,NULL,NULL,NULL,NULL,NULL,0.00),(34,1,'2026-05-11 04:02:01',25.00,'Cash','UT-20260510-040201','Paid',0.00,25.00,0.00,NULL,NULL,NULL,NULL,NULL,0.00),(35,1,'2026-05-11 04:02:53',25.00,'Cash','UT-20260510-040252','Paid',0.00,25.00,0.00,NULL,NULL,NULL,NULL,NULL,0.00),(36,1,'2026-05-11 04:04:36',25.00,'Cash','UT-20260510-040436','Paid',0.00,25.00,0.00,NULL,NULL,NULL,NULL,NULL,0.00),(37,1,'2026-05-11 04:05:05',25.00,'Cash','UT-20260510-040505','Paid',0.00,25.00,0.00,NULL,NULL,NULL,NULL,NULL,0.00),(38,1,'2026-05-11 04:07:42',25.00,'Cash','UT-20260510-040742','Paid',0.00,25.00,0.00,NULL,NULL,NULL,NULL,NULL,0.00),(39,1,'2026-05-11 04:08:01',25.00,'GCash','UT-20260510-040801','Paid',0.00,0.00,25.00,'1391908401984',NULL,NULL,NULL,NULL,0.00),(40,1,'2026-05-11 05:19:42',50.00,'Cash','UT-20260510-051942','Paid',0.00,50.00,0.00,NULL,NULL,NULL,NULL,NULL,0.00),(41,1,'2026-05-11 05:26:48',25.00,'Cash','UT-20260510-052648','Paid',0.00,25.00,0.00,NULL,NULL,NULL,NULL,NULL,0.00),(42,1,'2026-05-11 05:37:36',122.00,'Cash','UT-20260510-053736','Paid',0.00,122.00,0.00,NULL,NULL,NULL,NULL,NULL,0.00),(43,1,'2026-05-11 12:28:05',322.00,'Cash','UT-20260511-122805','Paid',0.00,322.00,0.00,NULL,NULL,NULL,NULL,NULL,0.00),(44,1,'2026-05-11 12:33:06',444.00,'Cash','UT-20260511-123306','Paid',0.00,444.00,0.00,NULL,NULL,NULL,NULL,NULL,0.00),(45,1,'2026-05-11 13:31:18',488.00,'Cash','UT-20260511-133118','Paid',0.00,488.00,0.00,NULL,NULL,NULL,NULL,NULL,0.00),(46,1,'2026-05-11 13:42:15',122.00,'Cash','UT-20260511-134215','Paid',0.00,122.00,0.00,NULL,NULL,NULL,NULL,NULL,0.00),(47,1,'2026-05-11 13:42:35',366.00,'Cash','UT-20260511-134235','Paid',0.00,366.00,0.00,NULL,NULL,NULL,NULL,NULL,0.00),(48,1,'2026-05-11 15:58:07',100.00,'Cash','UT-20260511-155807','Paid',0.00,100.00,0.00,NULL,NULL,NULL,NULL,NULL,0.00),(49,1,'2026-05-12 08:32:34',100.00,'Cash','UT-20260512-083234','Paid',0.00,100.00,0.00,NULL,NULL,NULL,NULL,NULL,0.00),(50,1,'2026-05-12 08:41:24',600.00,'GCash','UT-20260512-084124','Paid',0.00,500.00,100.00,'31321312312312',NULL,NULL,NULL,NULL,0.00),(51,1,'2026-05-12 20:32:18',100.00,'Cash','UT-20260512-203218','Paid',0.00,100.00,0.00,NULL,NULL,NULL,NULL,NULL,0.00),(52,1,'2026-05-12 20:32:43',200.00,'GCash','UT-20260512-203243','Paid',0.00,100.00,100.00,'151454516415',NULL,NULL,NULL,NULL,0.00),(53,1,'2026-05-12 20:35:39',300.00,'Cash','UT-20260512-203539','Paid',0.00,300.00,0.00,NULL,NULL,NULL,NULL,NULL,0.00),(54,1,'2026-05-12 20:39:04',366.00,'Cash','UT-20260512-203904','Paid',0.00,366.00,0.00,NULL,NULL,NULL,NULL,NULL,0.00),(55,1,'2026-05-12 20:39:27',300.00,'Cash','UT-20260512-203927','Paid',0.00,300.00,0.00,NULL,NULL,NULL,NULL,NULL,0.00),(56,1,'2026-05-12 20:39:45',300.00,'Cash','UT-20260512-203945','Paid',0.00,300.00,0.00,NULL,NULL,NULL,NULL,NULL,0.00),(57,1,'2026-05-12 20:42:41',200.00,'Cash','UT-20260512-204241','Paid',0.00,200.00,0.00,NULL,NULL,NULL,NULL,NULL,0.00),(58,1,'2026-05-12 20:43:53',100.00,'Cash','UT-20260512-204353','Paid',0.00,100.00,0.00,NULL,NULL,NULL,NULL,NULL,0.00),(59,1,'2026-05-12 20:54:22',100.00,'Cash','UT-20260512-205422','Paid',0.00,100.00,0.00,NULL,NULL,NULL,NULL,NULL,0.00),(60,1,'2026-05-12 20:54:53',676.00,'Cash','UT-20260512-205453','Paid',0.00,676.00,0.00,NULL,NULL,NULL,NULL,NULL,0.00),(61,1,'2026-05-12 20:56:24',354.00,'Cash','UT-20260512-205624','Paid',0.00,354.00,0.00,NULL,NULL,NULL,NULL,NULL,0.00),(62,1,'2026-05-12 20:57:12',376.00,'Cash','UT-20260512-205712','Paid',0.00,376.00,0.00,NULL,NULL,NULL,NULL,NULL,0.00),(63,1,'2026-05-12 21:03:03',400.00,'Cash','UT-20260512-210303','Paid',0.00,400.00,0.00,NULL,NULL,NULL,NULL,NULL,0.00),(64,1,'2026-05-12 21:05:55',132.00,'Cash','UT-20260512-210555','Paid',0.00,132.00,0.00,NULL,NULL,NULL,NULL,NULL,0.00),(65,1,'2026-05-12 21:06:58',122.00,'Cash','UT-20260512-210658','Paid',0.00,122.00,0.00,NULL,NULL,NULL,NULL,NULL,0.00),(66,1,'2026-05-12 21:09:00',122.00,'Cash','UT-20260512-210900','Paid',0.00,122.00,0.00,NULL,NULL,NULL,NULL,NULL,0.00),(67,1,'2026-05-12 21:16:13',122.00,'Cash','UT-20260512-211613','Paid',0.00,122.00,0.00,NULL,NULL,NULL,NULL,NULL,0.00),(68,1,'2026-05-12 21:17:28',122.00,'Cash','UT-20260512-211728','Paid',0.00,122.00,0.00,NULL,NULL,NULL,NULL,NULL,0.00),(69,1,'2026-05-12 21:22:44',122.00,'Cash','UT-20260512-212244','Paid',0.00,122.00,0.00,NULL,NULL,NULL,NULL,NULL,0.00),(70,1,'2026-05-12 21:32:41',122.00,'Cash','UT-20260512-213241','Paid',0.00,122.00,0.00,NULL,NULL,NULL,NULL,NULL,0.00),(71,1,'2026-05-12 21:33:17',122.00,'GCash','UT-20260512-213317','Paid',0.00,22.00,100.00,'9808908',NULL,NULL,NULL,NULL,0.00),(72,1,'2026-05-12 21:34:59',132.00,'Cash','UT-20260512-213459','Paid',0.00,132.00,0.00,NULL,NULL,NULL,NULL,NULL,0.00),(73,1,'2026-05-12 21:36:43',122.00,'GCash','UT-20260512-213643','Paid',0.00,100.00,22.00,'45453454',NULL,NULL,NULL,NULL,0.00),(74,1,'2026-05-12 21:39:15',132.00,'Cash','UT-20260512-213915','Paid',0.00,132.00,0.00,NULL,NULL,NULL,NULL,NULL,0.00),(75,1,'2026-05-12 21:40:58',132.00,'Cash','UT-20260512-214058','Paid',0.00,132.00,0.00,NULL,NULL,NULL,NULL,NULL,0.00),(76,1,'2026-05-12 21:48:38',300.00,'GCash','UT-20260512-214838','Paid',0.00,50.00,250.00,'14324132413',NULL,NULL,NULL,NULL,0.00),(77,10,'2026-05-13 01:52:13',-132.00,'Adjustment','UTR-20260512-015213','Refunded',0.00,0.00,0.00,NULL,NULL,NULL,NULL,NULL,0.00),(78,1,'2026-05-13 01:53:04',540.00,'Cash','UT-20260512-015304','Paid',0.00,540.00,0.00,NULL,NULL,NULL,NULL,NULL,0.00),(79,10,'2026-05-13 01:53:44',-132.00,'Adjustment','UTR-20260512-015344','Refunded',0.00,0.00,0.00,NULL,NULL,NULL,NULL,NULL,0.00),(80,10,'2026-05-13 01:58:14',515.00,'Cash','UTE-20260512-015814','Exchanged',0.00,600.00,0.00,NULL,NULL,NULL,NULL,NULL,0.00),(81,1,'2026-05-13 01:59:41',360.00,'Cash','UT-20260512-015941','Paid',0.00,360.00,0.00,NULL,NULL,NULL,NULL,NULL,0.00),(82,10,'2026-05-13 02:02:14',-360.00,'Adjustment','UTR-20260512-020214','Refunded',0.00,0.00,0.00,NULL,NULL,NULL,NULL,NULL,0.00),(83,10,'2026-05-13 02:27:57',-25.00,'Adjustment','UTR-20260512-022757','Refunded',0.00,0.00,0.00,NULL,NULL,NULL,NULL,NULL,0.00),(84,10,'2026-05-13 02:28:44',155.00,'Cash','UTE-20260512-022844','Exchanged',0.00,400.00,0.00,NULL,NULL,NULL,NULL,NULL,0.00),(85,10,'2026-05-13 02:30:09',515.00,'Cash','UTE-20260512-023009','Exchanged',0.00,600.00,0.00,NULL,NULL,NULL,NULL,NULL,0.00),(86,10,'2026-05-13 02:39:26',510.00,'Cash','UTE-20260512-023926','Exchanged',0.00,0.00,0.00,NULL,NULL,NULL,NULL,NULL,0.00),(87,10,'2026-05-13 02:40:30',22.00,'Cash','UTE-20260512-024030','Exchanged',0.00,50.00,0.00,NULL,NULL,NULL,NULL,NULL,0.00),(88,10,'2026-05-13 02:41:24',238.00,'Cash','UTE-20260512-024124','Exchanged',0.00,500.00,0.00,NULL,NULL,NULL,NULL,NULL,0.00),(89,10,'2026-05-13 02:42:04',-360.00,'Adjustment','UTR-20260512-024204','Refunded',0.00,0.00,0.00,NULL,NULL,NULL,NULL,NULL,0.00),(90,10,'2026-05-13 02:42:40',-116.00,'Adjustment','UTE-20260512-024240','Exchanged',0.00,0.00,0.00,NULL,NULL,NULL,NULL,NULL,0.00),(91,1,'2026-05-13 02:44:44',122.00,'Cash','UT-20260512-024444','Paid',0.00,122.00,0.00,NULL,NULL,NULL,NULL,NULL,0.00),(92,10,'2026-05-13 02:47:18',260.00,'Cash','UTE-20260512-024718','Exchanged',0.00,500.00,0.00,NULL,NULL,NULL,NULL,NULL,0.00),(93,10,'2026-05-13 02:50:17',0.00,'Adjustment','UTE-20260512-025017','Exchanged',0.00,0.00,0.00,NULL,NULL,NULL,NULL,NULL,0.00),(94,10,'2026-05-13 03:01:03',79.00,'Cash','UTE-20260512-030103','Exchanged',0.00,100.00,0.00,NULL,NULL,NULL,NULL,NULL,0.00),(95,10,'2026-05-13 03:03:32',-25.00,'Adjustment','UTR-20260512-030332','Refunded',0.00,0.00,0.00,NULL,NULL,NULL,NULL,NULL,0.00),(96,10,'2026-05-13 03:14:54',155.00,'Cash','UTE-20260512-031454','Exchanged',0.00,400.00,0.00,NULL,NULL,NULL,NULL,NULL,0.00),(97,1,'2026-05-13 03:15:14',180.00,'Cash','UT-20260512-031514','Paid',0.00,180.00,0.00,NULL,NULL,NULL,NULL,NULL,0.00),(98,10,'2026-05-13 20:58:47',400.00,'Cash','UT-20260513-205847','Paid',0.00,400.00,0.00,NULL,NULL,NULL,NULL,NULL,0.00),(99,10,'2026-05-14 19:05:22',400.00,'Cash','UT-20260514-190522','Paid',0.00,400.00,0.00,NULL,NULL,NULL,NULL,NULL,0.00),(100,10,'2026-05-15 10:53:21',678.00,'Cash','UTE-20260515-105321','Exchanged',0.00,1000.00,0.00,NULL,NULL,NULL,NULL,NULL,0.00),(101,10,'2026-05-15 10:57:33',478.00,'Cash','UTE-20260515-105733','Exchanged',0.00,1000.00,0.00,NULL,NULL,NULL,NULL,NULL,0.00),(102,10,'2026-05-15 10:59:09',278.00,'Cash','UTE-20260515-105909','Exchanged',0.00,500.00,0.00,NULL,NULL,NULL,NULL,NULL,0.00),(103,10,'2026-05-15 10:59:47',400.00,'GCash','UT-20260515-105947','Paid',0.00,0.00,400.00,'9808908',NULL,NULL,NULL,NULL,0.00),(104,10,'2026-05-15 11:10:23',375.00,'Cash','UTE-20260515-111023','Exchanged',0.00,500.00,0.00,NULL,NULL,NULL,NULL,NULL,0.00),(105,10,'2026-05-15 11:18:03',-25.00,'Adjustment','UTR-20260515-111803','Refunded',0.00,0.00,0.00,NULL,NULL,NULL,NULL,NULL,0.00),(106,10,'2026-05-15 11:18:48',-25.00,'Adjustment','UTR-20260515-111848','Refunded',0.00,0.00,0.00,NULL,NULL,NULL,NULL,NULL,0.00),(107,10,'2026-05-15 11:19:11',400.00,'Cash','UT-20260515-111911','Paid',0.00,400.00,0.00,NULL,NULL,NULL,NULL,NULL,0.00),(108,10,'2026-05-15 11:19:51',600.00,'Cash','UT-20260515-111951','Paid',0.00,600.00,0.00,NULL,NULL,NULL,NULL,NULL,0.00),(109,10,'2026-05-15 11:20:39',400.00,'Cash','UT-20260515-112039','Paid',0.00,400.00,0.00,NULL,NULL,NULL,NULL,NULL,0.00),(110,10,'2026-05-15 11:21:33',360.00,'Cash','UT-20260515-112133','Paid',0.00,360.00,0.00,NULL,NULL,NULL,NULL,NULL,0.00),(111,10,'2026-05-15 11:21:56',-25.00,'Adjustment','UTR-20260515-112156','Refunded',0.00,0.00,0.00,NULL,NULL,NULL,NULL,NULL,0.00),(112,10,'2026-05-17 10:13:27',200.00,'Cash','UT-20260517-101327','Paid',0.00,200.00,0.00,NULL,NULL,NULL,NULL,NULL,0.00),(113,1,'2026-05-21 01:10:19',600.00,'Cash','UT-20260520-011019','Paid',0.00,600.00,0.00,NULL,NULL,NULL,NULL,NULL,0.00),(114,1,'2026-05-21 01:20:07',600.00,'Cash','UT-20260520-012007','Paid',0.00,600.00,0.00,NULL,NULL,NULL,NULL,NULL,0.00),(115,1,'2026-05-21 07:52:37',2672.00,'Cash','UT-20260520-075237','Paid',0.00,2672.00,0.00,NULL,NULL,NULL,NULL,NULL,0.00),(116,1,'2026-05-21 08:37:04',-132.00,'Adjustment','UTR-20260521-083704 (Orig: UT-20260512-214058)','Refunded',0.00,0.00,0.00,NULL,NULL,NULL,NULL,NULL,0.00),(117,1,'2026-05-21 08:40:02',-180.00,'Adjustment','UTR-20260521-084002 (Orig: UT-20260512-015941)','Refunded',0.00,0.00,0.00,NULL,NULL,NULL,NULL,NULL,0.00),(118,1,'2026-05-21 08:40:29',-180.00,'Adjustment','UTR-20260521-084029 (Orig: UT-20260512-015941)','Refunded',0.00,0.00,0.00,NULL,NULL,NULL,NULL,NULL,0.00),(119,1,'2026-05-21 08:41:18',-1740.00,'Adjustment','UTE-20260521-084118 (Orig: UT-20260520-075237)','Exchanged',0.00,0.00,0.00,NULL,NULL,NULL,NULL,NULL,0.00),(120,1,'2026-05-21 09:03:45',254.80,'GCash','UT-20260521-090344','Paid',5.20,0.00,254.80,'568456453545',NULL,NULL,NULL,NULL,0.00),(121,1,'2026-05-21 09:08:33',20.00,'Cash','UTE-20260521-090833 (Orig: 5)','Exchanged',0.00,50.00,0.00,NULL,NULL,NULL,NULL,NULL,0.00),(122,10,'2026-05-22 06:40:25',1622.00,'Cash','UT-20260521-064025','Paid',50.00,1622.00,0.00,NULL,NULL,NULL,NULL,NULL,0.00),(123,10,'2026-05-22 06:48:29',-396.00,'Adjustment','UTR-20260521-064829 (Orig: UT-20260521-064025)','Refunded',0.00,0.00,0.00,NULL,NULL,NULL,NULL,NULL,0.00),(124,1,'2026-05-22 15:39:49',14056.00,'Cash','UT-20260522-153949','Paid',0.00,14056.00,0.00,NULL,NULL,NULL,NULL,NULL,0.00),(125,1,'2026-05-23 13:32:02',40800.00,'Bank Transfer','UT-20260523-133202','Paid',0.00,0.00,40800.00,'141238271873',NULL,NULL,NULL,NULL,0.00),(126,1,'2026-05-25 23:25:43',244.00,'Cash','UT-052526-0001','Paid',0.00,244.00,0.00,NULL,NULL,NULL,NULL,NULL,0.00),(131,1,'2026-05-25 23:29:27',-122.00,'Adjustment','UTR-052526-0001 (Orig: UT-052526-0001)','Refunded',0.00,0.00,0.00,NULL,NULL,NULL,NULL,NULL,0.00),(132,1,'2026-05-25 23:30:58',30.00,'Cash','UT-052526-0002','Paid',0.00,30.00,0.00,NULL,NULL,NULL,NULL,NULL,0.00),(133,1,'2026-05-26 00:54:26',60.00,'Cash','UT-052626-0001','Paid',0.00,60.00,0.00,NULL,NULL,NULL,NULL,NULL,0.00),(134,1,'2026-05-26 00:54:36',-20.00,'Adjustment','UTR-052626-0001 (Orig: UT-052626-0001)','Refunded',0.00,0.00,0.00,NULL,NULL,NULL,NULL,NULL,0.00),(135,1,'2026-05-28 09:10:10',1080.00,'Cash','UT-052826-0001','Paid',0.00,1080.00,0.00,NULL,NULL,NULL,NULL,NULL,0.00),(136,1,'2026-05-28 09:11:40',400.00,'Pay Later','UT-052826-0002','Paid',0.00,400.00,0.00,NULL,'Shan',NULL,NULL,'2026-05-31',0.00),(137,1,'2026-05-29 10:31:49',642.00,'Cash','UT-052926-0001','Paid',0.00,642.00,0.00,NULL,NULL,NULL,NULL,NULL,0.00),(138,1,'2026-05-29 10:34:21',1743.00,'Cash','UT-052926-0002','Paid',0.00,1743.00,0.00,NULL,NULL,NULL,NULL,NULL,0.00),(139,1,'2026-05-29 10:34:37',400.00,'Cash','UT-052926-0003','Paid',0.00,400.00,0.00,NULL,NULL,NULL,NULL,NULL,0.00),(140,1,'2026-05-29 10:35:10',300.00,'Pay Later','UT-052926-0004','Paid',0.00,300.00,0.00,NULL,'Wa',NULL,NULL,'2026-05-31',0.00),(141,1,'2026-05-30 08:54:11',5855.00,'GCash','UT-053026-0001','Paid',0.00,0.00,5855.00,'1231321434',NULL,NULL,NULL,NULL,0.00),(142,1,'2026-05-30 09:06:19',5140.00,'Pay Later','UT-053026-0002','Paid',0.00,5140.00,0.00,NULL,'Erica',NULL,NULL,'2026-05-31',0.00),(143,1,'2026-05-30 11:40:38',48000.00,'Cash','UT-053026-0003','Paid',0.00,48000.00,0.00,NULL,NULL,NULL,NULL,NULL,0.00),(144,1,'2026-05-30 11:42:27',16500.00,'Cash','UT-053026-0004','Paid',0.00,16500.00,0.00,NULL,NULL,NULL,NULL,NULL,0.00),(145,1,'2026-05-30 11:51:21',700.00,'Pay Later','UT-053026-0005','Paid',0.00,700.00,0.00,NULL,'Momo',NULL,NULL,'2026-06-06',0.00),(146,1,'2026-05-30 12:44:11',1560.00,'Pay Later','UT-053026-0006','Paid',0.00,1560.00,0.00,NULL,'Rachelle',NULL,NULL,'2026-06-06',0.00),(147,1,'2026-05-30 12:47:29',750.00,'Pay Later','UT-053026-0007','Paid',0.00,750.00,0.00,NULL,'Rachelle',NULL,NULL,'2026-06-04',0.00),(148,1,'2026-05-30 12:50:20',855.00,'Pay Later','UT-053026-0008','Paid',0.00,855.00,0.00,NULL,'Rachelle',NULL,NULL,'2026-06-04',0.00),(149,1,'2026-05-30 13:12:50',9600.00,'Pay Later','UT-053026-0009','Paid',0.00,9600.00,0.00,NULL,'Rachelle',NULL,NULL,'2026-06-05',0.00),(150,1,'2026-05-30 13:15:31',1200.00,'Cash','UT-053026-0010','Paid',0.00,1200.00,0.00,NULL,NULL,NULL,NULL,NULL,0.00),(151,1,'2026-05-30 13:49:29',440.00,'Cash','UT-053026-0011','Paid',0.00,440.00,0.00,NULL,NULL,NULL,NULL,NULL,0.00),(152,1,'2026-05-30 13:49:55',880.00,'Pay Later','UT-053026-0012','Paid',0.00,880.00,0.00,NULL,'Rachelle',NULL,NULL,'2026-05-28',0.00),(153,1,'2026-05-30 15:37:29',6725.00,'Bank Transfer','UT-053026-0013','Paid',0.00,0.00,6725.00,'18289389218',NULL,NULL,NULL,NULL,0.00),(154,1,'2026-05-30 15:52:55',1502.00,'Pay Later','UT-053026-0014','Unpaid',0.00,0.00,0.00,NULL,'Eriii','097576564','Antipolo City','2026-08-30',0.00),(155,1,'2026-05-30 15:57:30',3784.00,'Pay Later','UT-053026-0015','Unpaid',0.00,0.00,0.00,NULL,'Ash',NULL,NULL,'2026-06-20',0.00),(156,1,'2026-05-30 16:31:56',665.00,'Pay Later','UT-053026-0016','Partial',0.00,221.66,0.00,NULL,'Erica',NULL,NULL,'2026-08-30',0.00),(157,1,'2026-05-31 03:22:58',3503.00,'Cash','UT-053126-0001','Paid',0.00,3503.00,0.00,NULL,NULL,NULL,NULL,NULL,0.00),(158,1,'2026-05-31 04:05:42',6400.00,'Pay Later','UT-053126-0002','Unpaid',0.00,0.00,0.00,NULL,'Aura',NULL,NULL,'2026-06-02',0.00),(159,1,'2026-06-01 11:52:31',-440.00,'Adjustment','UTR-060126-0001 (Orig: UT-053026-0012)','Refunded',0.00,0.00,0.00,NULL,NULL,NULL,NULL,NULL,0.00),(160,1,'2026-06-01 11:52:32',-440.00,'Adjustment','UTR-060126-0002 (Orig: UT-053026-0012)','Refunded',0.00,0.00,0.00,NULL,NULL,NULL,NULL,NULL,0.00),(161,1,'2026-06-01 11:52:33',-440.00,'Adjustment','UTR-060126-0003 (Orig: UT-053026-0012)','Refunded',0.00,0.00,0.00,NULL,NULL,NULL,NULL,NULL,0.00),(162,1,'2026-06-01 11:52:34',-440.00,'Adjustment','UTR-060126-0004 (Orig: UT-053026-0012)','Refunded',0.00,0.00,0.00,NULL,NULL,NULL,NULL,NULL,0.00),(163,1,'2026-06-01 18:40:31',2250.00,'Cash','UT-060126-0001','Paid',0.00,2250.00,0.00,NULL,NULL,NULL,NULL,NULL,0.00),(164,1,'2026-06-03 08:28:23',1830.00,'Cash','UT-060326-0001','Paid',0.00,1830.00,0.00,NULL,'Rachelle',NULL,NULL,NULL,0.00),(165,1,'2026-06-03 09:38:56',880.00,'Cash','UT-060326-0002','Paid',0.00,880.00,0.00,NULL,NULL,NULL,NULL,NULL,0.00),(166,1,'2026-06-03 09:40:08',488.00,'Cash','UT-060326-0003','Paid',0.00,488.00,0.00,NULL,NULL,NULL,NULL,NULL,0.00),(167,1,'2026-06-03 10:36:05',8950.00,'Cash','UT-060326-0004','Paid',0.00,8950.00,0.00,NULL,NULL,NULL,NULL,NULL,0.00),(168,1,'2026-06-03 10:41:52',5852.00,'Cash','UT-060326-0005','Paid',0.00,5852.00,0.00,NULL,NULL,NULL,NULL,NULL,0.00),(169,1,'2026-06-03 10:43:43',-900.00,'Cash','UTR-060326-0001 (Orig: UT-060126-0001)','Refunded',0.00,-900.00,0.00,NULL,NULL,NULL,NULL,NULL,0.00),(170,1,'2026-06-03 10:44:48',210.00,'Cash','UTE-060326-0001 (Orig: UT-060126-0001)','Exchanged',0.00,300.00,0.00,NULL,NULL,NULL,NULL,NULL,0.00),(171,1,'2026-06-03 18:33:00',2596.00,'Cash','UT-060326-0006','Paid',0.00,2596.00,0.00,NULL,NULL,NULL,NULL,NULL,0.00),(172,1,'2026-06-03 18:33:43',340.00,'Cash','UTE-060326-0002 (Orig: 4000)','Exchanged',0.00,400.00,0.00,NULL,NULL,NULL,NULL,NULL,0.00),(173,1,'2026-06-05 15:35:55',19020.00,'E-wallet','UT-060526-0001','Paid',0.00,0.00,19020.00,'121312313213','Eriii','097576564','Antipolo City',NULL,0.00),(174,1,'2026-06-06 07:05:27',12819.00,'Pay Later','UT-060626-0001','Unpaid',0.00,0.00,0.00,NULL,'Rachelle','09632124444','Marikina','2026-07-18',0.00),(175,1,'2026-06-06 07:09:58',22875.00,'Pay Later','UT-060626-0002','Unpaid',0.00,0.00,0.00,NULL,'Eriii','097576564','Antipolo City','2026-09-06',0.00);
/*!40000 ALTER TABLE `sales_transaction` ENABLE KEYS */;
UNLOCK TABLES;

--
-- Table structure for table `supplier`
--

DROP TABLE IF EXISTS `supplier`;
/*!40101 SET @saved_cs_client     = @@character_set_client */;
/*!50503 SET character_set_client = utf8mb4 */;
CREATE TABLE `supplier` (
  `supplierID` int NOT NULL AUTO_INCREMENT,
  `supplierName` varchar(100) NOT NULL,
  `contactNumber` varchar(50) DEFAULT NULL,
  `email` varchar(50) DEFAULT NULL,
  `address` varchar(250) DEFAULT NULL,
  `isActive` tinyint DEFAULT '1',
  `termsOfPayment` varchar(255) DEFAULT 'COD',
  PRIMARY KEY (`supplierID`)
) ENGINE=InnoDB AUTO_INCREMENT=71 DEFAULT CHARSET=utf8mb4 COLLATE=utf8mb4_0900_ai_ci;
/*!40101 SET character_set_client = @saved_cs_client */;

--
-- Dumping data for table `supplier`
--

LOCK TABLES `supplier` WRITE;
/*!40000 ALTER TABLE `supplier` DISABLE KEYS */;
INSERT INTO `supplier` VALUES (2,'Me','09','@adfasfsd','caloocan, metro manila\n',0,'COD'),(5,'aa','123213','@','adfads',0,'COD'),(7,'dfakdf','123123123','','',0,'COD'),(8,'afdfa','09999999999','supplier@gmail.com','adfsadf',1,'COD'),(9,'fgfdg','131414','34','asdfsf',0,'COD'),(10,'Alpha Prime Trading','09171234001','alphaprime@gmail.com','Quezon City, Philippines',1,'COD'),(11,'Brightline Supply Corp','09171234002','brightline@gmail.com','Quezon City, Philippines',1,'30 Days'),(12,'Central Link Distributors','09171234003','centrallink@gmail.com','Quezon City, Philippines',1,'15 Days'),(13,'Diamond Crest Supply','09171234004','diamondcrest@gmail.com','Quezon City, Philippines',1,'COD'),(14,'Everflow Trading','09171234005','everflow@gmail.com','Quezon City, Philippines',1,'30 Days'),(15,'Fasttrack Wholesale','09171234006','fasttrack@gmail.com','Caloocan City, Philippines',1,'COD'),(16,'Golden Axis Supply','09171234007','goldenaxis@gmail.com','Caloocan City, Philippines',1,'15 Days'),(17,'Highmark Distributors','09171234008','highmark@gmail.com','Caloocan City, Philippines',1,'COD'),(18,'Infinity Retail Hub','09171234009','infinityhub@gmail.com','Caloocan City, Philippines',1,'30 Days'),(19,'Jade Peak Enterprises','09171234010','jadepeak@gmail.com','Caloocan City, Philippines',1,'COD'),(20,'Kingstone Merchandising','09171234011','kingstone@gmail.com','Pasig City, Philippines',1,'15 Days'),(21,'Lucky Circle Trading','09171234012','luckycircle@gmail.com','Pasig City, Philippines',1,'COD'),(22,'Metrocore Supply','09171234013','metrocore@gmail.com','Pasig City, Philippines',1,'30 Days'),(23,'Northpoint Wholesale','09171234014','northpoint@gmail.com','Pasig City, Philippines',1,'COD'),(24,'Optimum Link Corp','09171234015','optimumlink@gmail.com','Pasig City, Philippines',1,'15 Days'),(25,'Primewave Distributors','09171234016','primewave@gmail.com','Rizal, Philippines',1,'COD'),(26,'Quicksource Trading','09171234017','quicksource@gmail.com','Rizal, Philippines',1,'30 Days'),(27,'Rapidline Supply','09171234018','rapidline@gmail.com','Rizal, Philippines',1,'COD'),(28,'Silvercrest Enterprises','09171234019','silvercrest@gmail.com','Rizal, Philippines',1,'15 Days'),(29,'Topline Retail Supply','09171234020','topline@gmail.com','Rizal, Philippines',1,'COD'),(30,'Unified Star Trading','09171234021','unifiedstar@gmail.com','Quezon City, Philippines',1,'30 Days'),(31,'Victory Peak Supply','09171234022','victorypeak@gmail.com','Caloocan City, Philippines',1,'COD'),(32,'Westbridge Distributors','09171234023','westbridge@gmail.com','Pasig City, Philippines',1,'15 Days'),(33,'Xpressline Enterprises','09171234024','xpressline@gmail.com','Rizal, Philippines',1,'COD'),(34,'Yellowstone Trading','09171234025','yellowstone@gmail.com','Quezon City, Philippines',1,'30 Days'),(35,'Zenithcore Supply','09171234026','zenithcore@gmail.com','Caloocan City, Philippines',1,'COD'),(36,'Apex Horizon Trading','09171234027','apexhorizon@gmail.com','Pasig City, Philippines',1,'15 Days'),(37,'Bluewave Distributors','09171234028','bluewave@gmail.com','Rizal, Philippines',1,'COD'),(38,'Crystalpoint Supply','09171234029','crystalpoint@gmail.com','Quezon City, Philippines',1,'30 Days'),(39,'Dynamic Source Corp','09171234030','dynamicsource@gmail.com','Pasig City, Philippines',1,'COD'),(70,'Trading','09171234001','udi@gmail.com','Caloocan City, Philippines',1,'COD');
/*!40000 ALTER TABLE `supplier` ENABLE KEYS */;
UNLOCK TABLES;

--
-- Table structure for table `supplier_products`
--

DROP TABLE IF EXISTS `supplier_products`;
/*!40101 SET @saved_cs_client     = @@character_set_client */;
/*!50503 SET character_set_client = utf8mb4 */;
CREATE TABLE `supplier_products` (
  `supplierID` int NOT NULL,
  `productID` int NOT NULL,
  PRIMARY KEY (`supplierID`,`productID`),
  KEY `productID` (`productID`),
  CONSTRAINT `supplier_products_ibfk_1` FOREIGN KEY (`supplierID`) REFERENCES `supplier` (`supplierID`) ON DELETE CASCADE,
  CONSTRAINT `supplier_products_ibfk_2` FOREIGN KEY (`productID`) REFERENCES `product` (`productID`) ON DELETE CASCADE
) ENGINE=InnoDB DEFAULT CHARSET=utf8mb4 COLLATE=utf8mb4_0900_ai_ci;
/*!40101 SET character_set_client = @saved_cs_client */;

--
-- Dumping data for table `supplier_products`
--

LOCK TABLES `supplier_products` WRITE;
/*!40000 ALTER TABLE `supplier_products` DISABLE KEYS */;
INSERT INTO `supplier_products` VALUES (2,4),(18,4),(2,5),(5,5),(2,7),(5,7),(2,8),(5,8),(7,8),(10,8),(19,8),(2,9),(5,9),(7,9),(8,9),(10,9),(14,9),(2,11),(5,11),(7,11),(9,11),(2,12),(5,12),(7,12),(9,12),(2,13),(5,13),(7,13),(9,13),(2,14),(5,14),(7,14),(9,14),(2,15),(5,15),(7,15),(8,15),(9,15),(10,15),(11,15),(12,15),(13,15),(2,16),(5,16),(7,16),(9,16),(2,17),(5,17),(7,17),(9,17),(2,18),(5,18),(7,18),(8,18),(9,18),(10,18),(11,18),(12,18),(13,18),(14,18),(15,18),(16,18),(2,19),(5,19),(7,19),(8,19),(9,19),(10,19),(11,19),(12,19),(13,19),(14,19),(15,19),(16,19),(17,19),(2,20),(5,20),(7,20),(8,20),(9,20),(10,20),(11,20),(12,20),(13,20),(14,20),(15,20),(16,20),(17,20),(18,20),(2,21),(5,21),(7,21),(8,21),(9,21),(10,21),(11,21),(12,21),(13,21),(14,21),(15,21),(16,21),(17,21),(18,21),(19,21),(2,22),(5,22),(7,22),(8,22),(9,22),(10,22),(11,22),(12,22),(13,22),(14,22),(15,22),(16,22),(17,22),(18,22),(19,22),(20,22),(2,23),(5,23),(7,23),(8,23),(9,23),(10,23),(11,23),(12,23),(13,23),(14,23),(15,23),(16,23),(17,23),(18,23),(19,23),(20,23),(21,23),(2,74),(5,74),(7,74),(8,74),(9,74),(10,74),(11,74),(12,74),(13,74),(14,74),(15,74),(16,74),(17,74),(18,74),(19,74),(20,74),(21,74),(2,75),(5,75),(7,75),(8,75),(9,75),(10,75),(11,75),(12,75),(13,75),(14,75),(15,75),(16,75),(17,75),(18,75),(19,75),(20,75),(21,75),(5,76),(7,76),(8,76),(9,76),(10,76),(11,76),(12,76),(13,76),(14,76),(15,76),(16,76),(17,76),(18,76),(19,76),(20,76),(21,76),(7,77),(8,77),(9,77),(10,77),(11,77),(12,77),(13,77),(14,77),(15,77),(16,77),(17,77),(18,77),(19,77),(20,77),(21,77),(7,78),(8,78),(9,78),(10,78),(11,78),(12,78),(13,78),(14,78),(15,78),(16,78),(17,78),(18,78),(19,78),(20,78),(21,78),(8,79),(9,79),(10,79),(11,79),(12,79),(13,79),(14,79),(15,79),(16,79),(17,79),(18,79),(19,79),(20,79),(21,79),(9,80),(10,80),(11,80),(12,80),(13,80),(14,80),(15,80),(16,80),(17,80),(18,80),(19,80),(20,80),(21,80),(10,81),(11,81),(12,81),(13,81),(14,81),(15,81),(16,81),(17,81),(18,81),(19,81),(20,81),(21,81),(11,82),(12,82),(13,82),(14,82),(15,82),(16,82),(17,82),(18,82),(19,82),(20,82),(21,82),(12,83),(13,83),(14,83),(15,83),(16,83),(17,83),(18,83),(19,83),(20,83),(21,83),(13,84),(14,84),(15,84),(16,84),(17,84),(18,84),(19,84),(20,84),(21,84),(14,85),(15,85),(16,85),(17,85),(18,85),(19,85),(20,85),(21,85),(15,86),(16,86),(17,86),(18,86),(19,86),(20,86),(21,86),(8,87),(16,87),(17,87),(18,87),(19,87),(20,87),(21,87),(8,88),(17,88),(18,88),(19,88),(20,88),(21,88),(18,89),(19,89),(20,89),(21,89),(19,90),(20,90),(21,90),(8,91),(20,91),(21,91),(21,92),(8,93),(8,94),(18,105),(70,106),(70,109),(70,112),(8,118),(8,120),(18,122),(10,123),(11,123),(12,123),(13,123),(14,123),(15,123),(17,123),(18,123),(19,123),(20,123),(70,163),(70,166),(70,178),(10,179),(10,182),(10,183),(10,186),(70,186),(10,188),(70,188),(70,189),(10,190),(70,190),(10,191),(70,191),(70,196);
/*!40000 ALTER TABLE `supplier_products` ENABLE KEYS */;
UNLOCK TABLES;

--
-- Table structure for table `users`
--

DROP TABLE IF EXISTS `users`;
/*!40101 SET @saved_cs_client     = @@character_set_client */;
/*!50503 SET character_set_client = utf8mb4 */;
CREATE TABLE `users` (
  `userID` int NOT NULL AUTO_INCREMENT,
  `firstName` varchar(50) NOT NULL,
  `lastName` varchar(50) NOT NULL,
  `userPassword` varchar(255) NOT NULL,
  `role` set('Admin','SalesStaff','InventoryStaff') NOT NULL,
  `contactInfo` varchar(50) NOT NULL,
  `username` varchar(50) NOT NULL,
  `isActive` tinyint(1) DEFAULT '1',
  `security_question` varchar(255) DEFAULT NULL,
  `security_answer` varchar(255) DEFAULT NULL,
  PRIMARY KEY (`userID`),
  UNIQUE KEY `username` (`username`)
) ENGINE=InnoDB AUTO_INCREMENT=17 DEFAULT CHARSET=utf8mb4 COLLATE=utf8mb4_0900_ai_ci;
/*!40101 SET character_set_client = @saved_cs_client */;

--
-- Dumping data for table `users`
--

LOCK TABLES `users` WRITE;
/*!40000 ALTER TABLE `users` DISABLE KEYS */;
INSERT INTO `users` VALUES (1,'Test','Admin','$2b$10$ff0/Qvn8Rdcl.NUs5oh0V.9Ymusswj07rqIH57wWCEwCznaIK8y3m','Admin,SalesStaff,InventoryStaff','09123456789','admin',1,'What is your mother\'s maiden name?','Rodrigo'),(9,'bbb','bbb','$2b$10$5MgLWx3LI6doFsugwU3cWuKxxfQW.nVudfSWu2wyYUeFcAR0/Whde','InventoryStaff','09122222222','inventory',1,NULL,NULL),(10,'aaa','aaa','$2b$10$2G3lpteEUT9Wo8Tu9ygJguNU.7TA6aDzNYvUu0WSu6LR4QHJ1rt.O','SalesStaff','897','aaa',0,NULL,NULL),(13,'ccc','ccc','$2b$10$Ak19WrrucBSYfjzkXL04SOPCmMu8ex7dMgeKuFTKV6vRdKUxssuuW','SalesStaff','09681112223','sales',1,NULL,NULL),(14,'abc','def','$2b$10$Z4DgCBPfwUV8uXrsVBvk.OKbZoby.u.Acdqti3LSTU5DvpS5J5Auy','SalesStaff,InventoryStaff','09681112222','abcdef',1,NULL,NULL),(15,'ddd','ddd','$2b$10$vgFJG09LjXwAEZcQIbxQ.up6lySRLfyhmgQZ2mhacXG1M.vLBl.Rq','SalesStaff','09681112222','ddd',0,NULL,NULL),(16,'admin','admin','$2b$10$A3YSrstN3D3nPXevpnHdC.CC7jWcuSoAfSRkVvlCzRqSIv9uhLb3W','Admin','09123456789','admin1',1,'What is the name of your first pet?','Bingo');
/*!40000 ALTER TABLE `users` ENABLE KEYS */;
UNLOCK TABLES;
/*!40103 SET TIME_ZONE=@OLD_TIME_ZONE */;

/*!40101 SET SQL_MODE=@OLD_SQL_MODE */;
/*!40014 SET FOREIGN_KEY_CHECKS=@OLD_FOREIGN_KEY_CHECKS */;
/*!40014 SET UNIQUE_CHECKS=@OLD_UNIQUE_CHECKS */;
/*!40101 SET CHARACTER_SET_CLIENT=@OLD_CHARACTER_SET_CLIENT */;
/*!40101 SET CHARACTER_SET_RESULTS=@OLD_CHARACTER_SET_RESULTS */;
/*!40101 SET COLLATION_CONNECTION=@OLD_COLLATION_CONNECTION */;
/*!40111 SET SQL_NOTES=@OLD_SQL_NOTES */;

-- Dump completed on 2026-06-07 15:02:19
